"CONTRACT_VALUE_ORIG","CONTRACT_VALUE_LOGNORM","CONTRACT_VALUE_NORM"
1e+08,7.00001477327286,128.001310733422
700459984,10.0862423703932,1087.07997827268
217998966,8.12433606538419,279.041533865307
56800000,6.18397760811545,72.7047444965836
1e+08,7.08271680306264,135.55333549315
1e+08,7.00001477327286,128.001310733422
8.2e+07,6.71371058811622,104.961074801406
1e+08,7.27793973591666,155.195157911073
25355060,4.66420178327732,25.35506
109036054,7.40274499317937,169.218676185303
1e+08,6.91595141439755,120.756029348545
5e+07,6.08271680306264,67.7766677465749
238724311,8.03760197670965,262.76002117716
1e+08,6.91595141439755,120.756029348545
1.25e+08,7.40464489795,169.441669366437
2.3e+07,4.79565718067984,27.7738867501654
104916139,7.34717635724784,162.824767595251
99992416,6.99990535513177,127.991603114016
59999784,6.54096894803896,93.1167595251028
40091632,5.59732446561909,48.4130629042308
1.38e+08,7.4646830402763,176.641808812122
9.2e+07,6.87972053955515,117.761205874748
243962797,8.11854824527988,277.924314453243
1.42e+08,7.50590570300282,181.761861241459
2.5e+07,4.64385618977472,25
20592000,4.80287266684653,27.9131428447494
5e+07,6.00001477327286,64.000655366711
639195550,9.75897416749987,866.450888348784
5e+07,6.00001477327286,64.000655366711
1e+08,7.00001477327286,128.001310733422
21784000,4.80135556587984,27.8838055301686
1.3e+08,7.46122842631637,176.219336141095
925364826,10.487961997647,1436.12140296423
20835189,5.01503382809285,32.3352044696205
1e+08,6.91595141439755,120.756029348545
1e+08,6.91595141439755,120.756029348545
5e+07,6.27793973591666,77.5975789555366
5e+07,5.91595141439755,60.3780146742727
10582036985,13.3693297447418,10582.036985
1e+08,7.08271680306264,135.55333549315
44418750,5.74519211369685,53.638318786257
154519280,7.54373827469555,186.591347105961
20582712,4.80222179396285,27.9005526509488
258753841,8.28753169285694,312.460864178448
1e+08,6.91595141439755,120.756029348545
5e+07,6.27793973591666,77.5975789555366
1e+08,7.27793973591666,155.195157911073
4e+08,9.27793973591666,620.780631644293
24981516,4.78118941735133,27.4967540829872
1.12e+08,7.16351350555574,143.361468021433
5e+07,6.00001477327286,64.000655366711
1851851988,11.3912247815978,2685.96498393659
1e+08,7.08271680306264,135.55333549315
233228908,8.30446342026102,316.14956412825
136577454,7.53243614842565,185.135294428622
5e+07,5.91595141439755,60.3780146742727
1.2e+08,7.09492148970169,136.704932655733
1e+08,7.08271680306264,135.55333549315
138955086,7.5573354437378,188.358253910375
267542521,8.33571961417583,323.073725178598
145809471,7.37597151629653,166.107282613525
115750000,7.12696360788306,139.775103970941
22981350,4.79448686862993,27.7513657506919
1e+08,6.91595141439755,120.756029348545
199963504,7.91568812738345,241.46798757662
5.6e+08,9.4854416004431,716.807340107163
5e+07,6.08271680306264,67.7766677465749
1e+08,6.91595141439755,120.756029348545
49999991,6.27793947623153,77.5975649879724
5e+07,6.08271680306264,67.7766677465749
5e+07,6.27793973591666,77.5975789555366
2.2e+07,4.73152684326012,26.56632645668
42800000,6.05362243765572,66.4235275859393
59432176,6.33203291172081,80.5622969241593
146500000,7.63361746771016,198.585636497464
5e+07,6.27793973591666,77.5975789555366
1e+08,6.91595141439755,120.756029348545
1.39e+08,7.47509965622164,177.921821919456
5e+07,6.00001477327286,64.000655366711
5e+07,6.00001477327286,64.000655366711
53820363,6.18894082967263,72.9552972210211
1e+08,6.91595141439755,120.756029348545
49999969,6.08271590859144,67.7766257250409
5e+07,6.08271680306264,67.7766677465749
259005610,8.01683953645693,259.00561
5e+07,6.00001477327286,64.000655366711
1e+08,6.83188708386789,113.92077721311
1617573914,10.9317111460312,1953.31803032425
199820718,7.99872094702518,255.773138156935
22738031,4.77913064895909,27.4575433876413
9.2e+07,6.87972053955515,117.761205874748
2.5e+07,4.64385618977472,25
8e+07,6.76078870817528,108.44266839452
152999854,7.61354504950074,195.841818540222
1.5e+08,7.6676793037838,203.330003239725
793868990,9.9889157163185,1016.16271270618
21842400,4.80521806384961,27.9585582956369
195353142,7.79797154344049,222.547817676631
23165477,4.80599970869982,27.9737102048505
5e+07,6.00001477327286,64.000655366711
79500000,6.75174356857227,107.764901717054
1e+08,6.91595141439755,120.756029348545
44985363,6.0278554626463,65.2477144991334
249172913,8.14903432877656,283.859719094148
4452927852,12.3926337461713,5377.17886383067
1.6e+08,7.50995898898053,182.273243540977
524844391,9.47460655039505,711.444078149209
1e+08,6.91595141439755,120.756029348545
22961950,4.79326848486312,27.7279390809983
311172779,8.72043266377437,421.805081081228
199893206,8.27716917429897,310.224576705207
50823427,5.93951697843572,61.3723524240565
1e+08,7.08271680306264,135.55333549315
4770429309,12.4919986149486,5760.58101642765
1e+08,6.91595141439755,120.756029348545
1e+08,6.91595141439755,120.756029348545
1.2e+08,7.17898582023134,144.907235218254
7.8e+07,6.55749744348507,94.1897028918654
284809670,8.42594954463518,343.924848692695
36980171,5.84276353695263,57.3914347792349
1e+08,6.91595141439755,120.756029348545
8.5e+07,6.76554951963583,108.801114123409
398330315,8.90991669484251,481.007872085553
1e+08,6.91595141439755,120.756029348545
5e+07,6.00001477327286,64.000655366711
96123792,7.12329336080003,139.419965044854
5e+07,6.08271680306264,67.7766677465749
9.8e+07,6.97086842761334,125.441284518753
9e+07,6.84801167982781,115.20117966008
1e+08,6.91595141439755,120.756029348545
5e+07,6.08271680306264,67.7766677465749
91384824,6.87004127957909,116.973772531431
48300000,6.03281189723633,65.4722610431914
1e+08,6.91595141439755,120.756029348545
1e+08,6.91595141439755,120.756029348545
1e+08,6.91595141439755,120.756029348545
5e+07,6.08271680306264,67.7766677465749
1e+08,7.00001477327286,128.001310733422
1e+08,7.00001477327286,128.001310733422
6.8e+07,6.72154638739228,105.53270737953
47465374,5.84089877032093,57.3173009578368
1e+08,6.91595141439755,120.756029348545
5e+07,6.08271680306264,67.7766677465749
37410565,5.41340474360338,42.6184064078159
7.5e+07,6.58497727399401,96.0009830500664
21600000,4.78911799077424,27.6482831184191
149668668,7.58178700901726,191.577856797254
1658996663,10.8344955621436,1826.03102497892
1e+08,7.08271680306264,135.55333549315
4701007012,12.4708493417353,5676.7494070879
5e+07,6.00001477327286,64.000655366711
46497963,6.07556731363078,67.4416212805767
173035077,7.97139241808697,250.97370676839
1e+08,7.00001477327286,128.001310733422
47320192,5.8364792468837,57.141984939308
233881673,8.50371855225464,362.97303173741
1756916662,10.778830044494,1756.916662
124798000,7.23554622829962,150.701109506398
5e+07,6.08271680306264,67.7766677465749
97500000,6.96348889724774,124.801277965086
1998055033,11.4032412181888,2708.43024222025
5e+07,6.08271680306264,67.7766677465749
199961191,8.27765976099271,310.330086133313
5e+07,6.00001477327286,64.000655366711
4e+07,5.6780866783855,51.2005242933688
216573490,8.11487143179524,277.216905901116
44418750,5.74519211369685,53.638318786257
95681589,6.58016944369788,95.681589
24373700,4.79528426205536,27.7667084755919
7.5e+07,6.58497727399401,96.0009830500664
3e+07,5.54097414175046,46.558547373322
639082127,9.59195275496298,771.730200841428
2.2e+07,4.73152684326012,26.56632645668
26985868,5.38821573334841,41.8807604562738
1e+08,6.91595141439755,120.756029348545
1.5e+08,7.5009139151187,181.134044022818
1e+08,6.91595141439755,120.756029348545
24486200,4.80192788919821,27.8948693499567
1e+08,6.91595141439755,120.756029348545
1.14e+08,7.02092090825791,129.869686022946
86800000,6.87848375084503,117.660295208054
8e+07,6.9560116410293,124.156126328859
9.3e+07,6.89531739460616,119.041218982082
13685556567,13.740366487261,13685.556567
204647819,7.81539977445931,225.252572848768
396467290,8.76945832610521,436.385188756293
180384685,8.12901659217918,279.948296733142
428652283,8.74366401698146,428.652283
552721424,9.74449226976335,857.796886785132
3e+08,8.5009139151187,362.268088045636
1e+08,7.00001477327286,128.001310733422
1e+08,7.00001477327286,128.001310733422
2.3e+07,4.71159285015018,26.2017787590154
1504903657,10.9116139976586,1926.2964062352
5e+07,6.08271680306264,67.7766677465749
1e+08,6.91595141439755,120.756029348545
1e+08,6.91595141439755,120.756029348545
5e+07,6.00001477327286,64.000655366711
1e+08,6.91595141439755,120.756029348545
4719107379,12.4763935083478,5698.60669157461
1e+08,7.27793973591666,155.195157911073
1e+08,6.91595141439755,120.756029348545
129932766,7.20965237442925,148.020416881692
98300000,7.05798012474114,133.248928789766
1.3e+08,7.37852639652659,166.401703953448
842424064,9.50427803222617,726.22764137931
23508500,4.55511058319348,23.5085
2.8e+07,4.8073549220576,28
100419489,7.08875609182434,136.121966824677
1.5e+08,7.41684958458905,170.881165819666
7.5e+07,6.5009139151187,90.567022011409
285503427,8.59622486594054,387.00941824575
237713192,8.16517338290665,287.053011896884
119962000,7.26259225332664,153.552932382028
5e+07,6.34285393374191,81.1688311688312
1e+08,6.91595141439755,120.756029348545
743805338,9.32465648606698,641.211498275862
23120969,4.80322518197679,27.9199641113081
59964425,6.26219352748186,76.7552499737597
2.2e+07,4.73152684326012,26.56632645668
263749351,7.82889892825029,227.370130172414
43472698,5.79819631323391,55.6456232511821
69999940,6.40137700497151,84.5291480903641
5e+07,6.08271680306264,67.7766677465749
1e+08,7.08271680306264,135.55333549315
49800000,6.07693445046864,67.5055610755886
192852426,8.12782518759193,279.717205618931
393387777,8.97596690543064,503.541510825071
1e+08,6.83188708386789,113.92077721311
209351856,7.98188112268415,252.804988673084
364106720,8.94707817065421,493.558803714704
5e+07,6.00001477327286,64.000655366711
24912229,4.77718249922744,27.4204909931031
1e+08,7.08271680306264,135.55333549315
9e+07,6.84801167982781,115.20117966008
438397670,9.31256802370212,635.861180207555
48387236,5.86864985072775,58.4305049051099
99884458,7.08104892062047,135.396714458254
20412946,4.79027311557689,27.6704291754155
1e+08,6.91595141439755,120.756029348545
9.2e+07,6.96242256934493,124.709068653698
5e+07,6.27793973591666,77.5975789555366
59576835,6.08471047189847,67.8703934709724
95199624,7.01174458365801,129.046265708937
8e+07,6.6780866783855,102.401048586738
1458968900,10.8668919986443,1867.49931519299
1e+08,6.91595141439755,120.756029348545
1e+08,7.08271680306264,135.55333549315
6.2e+07,6.2262915350097,74.8687381960981
1.5e+08,7.58497727399401,192.001966100133
1e+08,7.00001477327286,128.001310733422
5e+07,6.00001477327286,64.000655366711
8914406092,13.3099538625654,10155.3607039393
149151222,7.65949260082372,202.179456349793
205334444,7.46770703826842,177.012451724138
4e+07,5.9560116410293,62.0780631644293
141896664,7.78278040785754,220.216751765345
6e+07,6.34575120889644,81.3320012958899
28802891,5.48222526596214,44.7006921704043
112529655,7.17032001901395,144.039433363798
1e+08,7.00001477327286,128.001310733422
5e+07,6.08271680306264,67.7766677465749
120652000,7.18680324512872,145.694564529607
5e+07,5.91595141439755,60.3780146742727
100809380,7.01164465665321,129.037327742236
56531250,6.25983730590916,76.6299949709713
645592626,9.52251118402326,735.464137169729
1.2e+08,7.17898582023134,144.907235218254
7e+07,6.56814363023288,94.8873348452049
1e+08,7.00001477327286,128.001310733422
21231000,4.76425900351782,27.1759582818128
64592015,6.28537914647381,77.9987525902168
4.9e+07,5.97086842761334,62.7206422593767
3e+07,4.69276579025567,25.8620689655172
39593966,5.94129222574914,61.4479180569566
1e+08,6.91595141439755,120.756029348545
5e+07,6.00001477327286,64.000655366711
108999283,7.40225838086614,169.161609373788
1e+08,6.91595141439755,120.756029348545
22980580,4.79443852970327,27.7504359292659
1e+08,6.91595141439755,120.756029348545
23187248,4.8073549220576,28
90400000,6.93711148081574,122.540215285807
437515097,9.21204960284475,593.06630726959
437742736,9.21280004151878,593.374879526973
5e+07,6.27793973591666,77.5975789555366
20944950,4.74468911857761,26.8098105324599
23100000,4.80191617115152,27.894642779514
49830846,6.0778277756674,67.5473738574548
1e+08,7.27793973591666,155.195157911073
41100000,5.79992710208224,55.7124208876846
7e+07,6.56814363023288,94.8873348452049
1.2e+08,7.09492148970169,136.704932655733
5e+07,6.08271680306264,67.7766677465749
5e+07,6.27793973591666,77.5975789555366
5e+07,6.27793973591666,77.5975789555366
113296802,7.01199422301524,129.068597395999
352043415,8.8984701601721,477.206591416492
27914175,4.80292601296163,27.914175
171975297,8.06014108308179,266.897333747187
1.35e+08,7.34891082167365,163.020639620536
228126160,8.10578330926438,275.47609272131
59685003,6.03769686025907,65.6943257540236
5880202454,12.7937453368557,7100.69900110613
5e+07,5.91595141439755,60.3780146742727
178531908,7.91889874510113,242.005956213562
20308746,4.78288986876285,27.5291825998316
5e+07,5.91595141439755,60.3780146742727
9.8e+07,6.97086842761334,125.441284518753
2.2e+07,4.73152684326012,26.56632645668
39888888,5.75677561351946,54.0707181751268
5e+07,6.00001477327286,64.000655366711
474456113,9.24628941797867,607.310043494845
67303184,6.4287614363021,86.1489576853267
190741157,8.01433297651576,258.556000471726
170878855,7.55523036804907,188.08361565877
5e+07,6.27793973591666,77.5975789555366
1e+08,6.83188708386789,113.92077721311
1e+08,7.08271680306264,135.55333549315
30375000,5.11284339769895,34.6034360784823
23005379765,14.4896836517072,23005.379765
1.95e+09,11.2013536332598,2354.74257229663
514702465,9.44645549494216,697.696359172962
370189719,8.88827960215591,473.847692520371
5e+07,6.00001477327286,64.000655366711
1e+08,6.83188708386789,113.92077721311
187801762,8.18715033467372,291.459241095678
1e+08,6.91595141439755,120.756029348545
91886888,6.7938823271944,110.958957440745
99992000,6.99989935305272,127.991070628563
93400000,6.90150922832043,119.553224225016
5e+07,5.91595141439755,60.3780146742727
1e+08,7.00001477327286,128.001310733422
1247262992,10.9186335279286,1935.69177000078
9e+07,6.7639483209525,108.680426413691
21874740,4.8073525477675,27.9999539195281
8000741093,12.9659179248717,8000.741093
1e+08,6.91595141439755,120.756029348545
1076852509,10.7066884956299,1671.2229518119
1e+08,6.91595141439755,120.756029348545
8e+07,6.76078870817528,108.44266839452
5e+07,6.00001477327286,64.000655366711
8e+07,6.9560116410293,124.156126328859
181479239,8.13774425105283,281.646991541864
1e+08,7.00001477327286,128.001310733422
44846270,6.1209996378509,69.5992395437262
80607051,6.77169475037529,109.265546273164
1072314058,10.3386070116874,1294.88387858706
5e+07,6.00001477327286,64.000655366711
6.5e+07,6.37852639652659,83.2008519767242
4.65e+08,9.29994751928331,630.323010043147
1349870586,11.0326889314982,2094.93378753783
5e+07,6.27793973591666,77.5975789555366
1e+08,7.00001477327286,128.001310733422
74456990,6.57449397333067,95.3059231326529
20614219,4.80442851181354,27.9432614403626
99999605,7.00000907461619,128.000805128245
5e+07,6.00001477327286,64.000655366711
885990637,9.92954793558054,975.195687300088
188026436,8.09126340815248,272.717488451023
5e+07,6.08271680306264,67.7766677465749
1e+08,6.91595141439755,120.756029348545
3.6e+07,5.44202022606513,43.4721705654763
26915716,4.53625209333919,23.2032034482759
5e+07,5.91595141439755,60.3780146742727
56413521,6.17412766267293,72.2100463108742
1e+08,7.00001477327286,128.001310733422
1e+08,6.91595141439755,120.756029348545
1e+08,7.00001477327286,128.001310733422
229833396,8.11653985878277,277.537683126519
123775302,7.30773824261632,158.434008924251
199999963,8.08271653616403,271.106620831565
5e+07,6.27793973591666,77.5975789555366
126263980,7.25239454689626,152.471368745441
314985856,8.9332267837775,488.842796616746
272937928,8.72651262424596,423.586448358811
131122610,7.17317295960772,144.324554278028
27941707,4.80434825469017,27.941707
1e+08,6.91595141439755,120.756029348545
1e+08,7.00001477327286,128.001310733422
21655449,4.79281676366828,27.7192585652077
1e+08,7.00001477327286,128.001310733422
5e+07,6.27793973591666,77.5975789555366
1536538462,10.8575633896178,1855.46283612441
28920000,5.48807919331833,44.8824396678824
20640125,4.80624041616193,27.9783778874555
1e+08,6.83188708386789,113.92077721311
22396000,4.75726440467373,27.0445203329002
5e+07,6.08271680306264,67.7766677465749
140920000,7.41082779434306,170.16939655797
44945000,5.8462473074416,57.5301891091365
22288417963,14.6320374910507,25391.1389719561
1e+08,7.08271680306264,135.55333549315
1e+08,7.00001477327286,128.001310733422
200021199,8.00016768362999,256.029756464706
1.2e+08,7.17898582023134,144.907235218254
23324600,5.17786398114322,36.1986498021262
1e+08,6.91595141439755,120.756029348545
26243092,5.34794935146801,40.7280080701482
1e+08,6.91595141439755,120.756029348545
1e+08,6.91595141439755,120.756029348545
32994940,5.31626811378026,39.8433794299349
63928893,5.99839620707361,63.928893
1.39e+08,7.39103629734633,167.850880794478
41474422,6.0082335165192,64.3662947156049
21750000,4.79910207934686,27.8402850845193
8e+07,6.6780866783855,102.401048586738
1.25e+08,7.23787950928491,150.945036685682
288881726,8.80841868110332,448.330450841934
5e+07,6.00001477327286,64.000655366711
1e+08,7.27793973591666,155.195157911073
636692645,9.94853683438796,988.116155815939
185185186,8.16690842987578,287.398441840615
9.4e+07,6.91074743517577,120.321232089417
2.5e+07,4.78225648287817,27.5170991253965
47465374,5.84089877032093,57.3173009578368
21783622,4.80133053175127,27.8833216852141
324600000,8.12839438430776,279.827586206897
1.8e+08,7.67988399042285,205.057398983599
105339431,7.07506034505702,134.835852399129
1e+08,6.91595141439755,120.756029348545
22150000,4.6076350867711,24.3801498251013
1e+08,6.91595141439755,120.756029348545
62764230,5.75774587565786,54.1070948275862
2.3e+07,4.79565718067984,27.7738867501654
1e+08,6.91595141439755,120.756029348545
175267277,7.59181314801944,192.913881385893
1e+08,6.91595141439755,120.756029348545
1e+08,7.08271680306264,135.55333549315
1e+08,7.08271680306264,135.55333549315
5e+07,6.00001477327286,64.000655366711
689781016,10.0640781597291,1070.5067370218
98600000,7.06237635477847,133.655588796246
97555819,6.96431460751979,124.872727016725
23161950,4.80578003816129,27.9694511396954
7.7e+07,6.90087008683684,119.500271591526
99619717,7.27244295363309,154.604977108714
1e+08,6.91595141439755,120.756029348545
5e+07,6.08271680306264,67.7766677465749
5e+07,6.00001477327286,64.000655366711
9.2e+07,6.96242256934493,124.709068653698
7.5e+07,6.58497727399401,96.0009830500664
1e+08,6.91595141439755,120.756029348545
1e+08,7.00001477327286,128.001310733422
299943056,8.58470340524653,383.931043133882
5e+07,6.08271680306264,67.7766677465749
1e+08,6.91595141439755,120.756029348545
5e+07,6.27793973591666,77.5975789555366
1e+08,7.08271680306264,135.55333549315
7.5e+07,6.58497727399401,96.0009830500664
24452296,4.79992892541756,27.8562456496503
8e+07,6.76078870817528,108.44266839452
1e+08,6.91595141439755,120.756029348545
117600000,7.14983947457182,142.009090513889
460855004,9.38464080873245,668.433768701366
69992000,6.48527671158746,89.5906774085367
3e+08,8.58497727399401,384.003932200266
22215473,4.7455881782783,26.8265230957982
6e+07,6.34575120889644,81.3320012958899
5e+07,6.08271680306264,67.7766677465749
224999985,8.08587631966019,271.701047920823
411533942,9.12372822747786,557.847985067445
5e+07,6.08271680306264,67.7766677465749
25122000,4.78927971190282,27.6513825691285
8e+07,6.76078870817528,108.44266839452
20174382,4.77331318840988,27.3470477161296
59719394,6.25628620424592,76.4416070820565
1e+08,6.91595141439755,120.756029348545
1e+08,6.91595141439755,120.756029348545
36045000,5.61058785736421,48.8601997785059
82064050,6.49707874342445,90.3265839392599
1.4e+08,7.40137824156779,169.058441087964
75470980,6.77432180604782,109.46469312718
5e+07,6.08271680306264,67.7766677465749
138396524,7.11266389813276,138.396524
1.37e+08,7.37012730758335,165.435760207507
104225940,6.97566579807873,125.859106695197
5e+07,6.00001477327286,64.000655366711
7.5e+07,6.58497727399401,96.0009830500664
1e+08,7.27793973591666,155.195157911073
926430766,10.3920110578648,1343.71462386958
132968881,7.49380545119488,180.243753363417
1e+08,6.91595141439755,120.756029348545
44418750,5.74519211369685,53.638318786257
1.5e+08,7.5009139151187,181.134044022818
459026270,9.11452813560572,554.301897318733
68500000,6.53689269624844,92.8540348128076
21661250,4.79320317695347,27.7266839212434
1e+08,7.08271680306264,135.55333549315
9.6e+07,6.94112108421929,122.881258304085
321248760,8.86401877863746,465.945942809901
3.6e+07,5.44202022606513,43.4721705654763
5e+07,6.27793973591666,77.5975789555366
5e+07,6.00001477327286,64.000655366711
20499992,4.79641205490295,27.7884229318289
5e+07,6.08271680306264,67.7766677465749
254283628,8.34645335066237,325.486376820499
5e+07,6.27793973591666,77.5975789555366
209987054,7.98625180083312,253.572028556386
1e+08,6.91595141439755,120.756029348545
5e+07,6.27793973591666,77.5975789555366
223303348,8.2417216847953,302.695136481876
114974804,7.03320482219484,130.98019031605
245644748,8.1284604777895,279.840406104787
1e+08,7.00001477327286,128.001310733422
177939936,7.47524652839102,177.939936
48387236,5.86864985072775,58.4305049051099
245180000,8.12572838313463,279.310961571104
20640000,4.80623167893645,27.9782084457861
5e+07,6.00001477327286,64.000655366711
59883293,6.44055335594979,86.8559847995881
188473856,7.91437918835817,241.249006069822
23030000,4.71347340011129,26.2359549921793
73242166,6.6334631649475,99.2821990004297
790374917,9.76479364577506,869.952997492642
1e+08,7.08271680306264,135.55333549315
95300000,7.0132649223105,129.182328724972
49871140,5.99629186020442,63.8357128776999
1.04e+09,10.1607681061319,1144.7113236165
24948000,5.27493580505938,38.7180879956545
675663635,9.58819229355779,769.721264338354
99981752,6.91568812738345,120.73399378831
143709910,7.43911096551006,173.538381096368
23105125,4.80223621409545,27.9008315260181
5e+07,6.00001477327286,64.000655366711
21743750,4.79868745223066,27.8322850025984
5e+07,6.00001477327286,64.000655366711
2.1e+08,8.07040410116426,268.802752540186
5e+07,6.08271680306264,67.7766677465749
228099081,8.2723774371769,309.195912524722
1e+08,6.91595141439755,120.756029348545
161505304,7.69159631855642,206.728906023998
2.4e+07,4.7233627938246,26.4164151603807
21698045,4.79565173967905,27.7737820035277
9.5e+07,6.84195083295377,114.718227881118
1e+08,7.00001477327286,128.001310733422
2.8e+07,4.8073549220576,28
21872916,4.80723224528747,27.9976191756204
5e+07,6.00001477327286,64.000655366711
1e+08,7.00001477327286,128.001310733422
5e+07,6.00001477327286,64.000655366711
5e+07,6.00001477327286,64.000655366711
5e+07,6.00001477327286,64.000655366711
5e+07,6.08271680306264,67.7766677465749
457881778,9.11092656662865,552.919854223321
206199261,8.32197889813992,320.011268720416
2.5e+07,4.64385618977472,25
471488273,9.41754978122821,683.856485194828
1.39e+08,7.47509965622164,177.921821919456
5e+07,6.00001477327286,64.000655366711
24237346,4.78719072070127,27.6113729390307
1e+08,6.91595141439755,120.756029348545
184599157,7.96711276777603,250.230314605736
3e+08,8.5009139151187,362.268088045636
228030128,7.97148093290271,250.989105430114
9.2e+07,6.96242256934493,124.709068653698
26261820,5.07105357991671,33.6154738224519
1.33e+08,7.32737766012401,160.605519033565
149966323,7.50058997448023,181.093377014814
8e+07,6.59402331951019,96.6048234788363
59991675,6.17878563240607,72.443564669684
6789851951,13.0853229857986,8691.09949413882
91803503,6.65887759243934,101.046643684385
174765573,8.08336075282693,271.227706991542
38257019,5.61381114115819,48.9694857675343
192852426,8.12782518759193,279.717205618931
21503300,4.78264475812123,27.5245058509399
1e+08,6.91595141439755,120.756029348545
1e+08,7.00001477327286,128.001310733422
195298476,7.96569546455685,249.984609122397
23047000,4.79860228852483,27.8306420839593
5e+07,6.00001477327286,64.000655366711
26243092,5.34794935146801,40.7280080701482
1e+08,7.08271680306264,135.55333549315
24999094,5.27788745170099,38.7973834096376
1.5e+08,7.41684958458905,170.881165819666
5e+07,6.00001477327286,64.000655366711
1.3e+08,7.65645135917039,201.753705284395
5e+07,6.00001477327286,64.000655366711
1.6e+08,7.76078870817528,216.88533678904
422017700,9.35524324472286,654.951035927679
6e+07,6.34575120889644,81.3320012958899
7.5e+07,6.58497727399401,96.0009830500664
1.27e+08,7.3448432702703,162.561664631446
150500000,7.86770322290164,233.568712656165
9e+07,6.7639483209525,108.680426413691
1e+08,6.91595141439755,120.756029348545
21793532,4.80198670622754,27.8960066151077
1e+08,7.08271680306264,135.55333549315
1e+08,6.91595141439755,120.756029348545
31003932,4.74025448300737,26.7275275862069
153856393,7.62159916467116,196.938199687165
6.1e+07,6.28689592106102,78.0807995473874
22456356,4.76114715965974,27.1174038419738
1e+08,6.83188708386789,113.92077721311
2e+08,8.27793973591666,310.390315822146
61343712,6.47531526703157,88.9742071636292
276515700,8.38331281047818,333.909379845336
5e+07,6.08271680306264,67.7766677465749
1e+08,6.91595141439755,120.756029348545
5e+07,6.00001477327286,64.000655366711
1e+08,6.91595141439755,120.756029348545
102260631,6.86413791719356,116.496105618231
22756780,4.78031975559602,27.4801839355839
205328208,7.95388325298,247.946191113322
748422405,9.68610923105944,823.776540242106
151611530,7.87831921001465,235.293753394894
31999932,5.4388575475577,43.3769751815398
34999776,5.66574548692471,50.7644095698777
92070000,6.96351985470083,124.803955988543
8.5e+07,6.76554951963583,108.801114123409
46500000,5.89531739460616,59.5206094910412
5e+07,6.08271680306264,67.7766677465749
13971578090,14.306679065189,20264.6700509823
900600754,9.95314416841003,991.276808808994
22892640,4.78890716489777,27.6442430770568
2.2e+07,4.73152684326012,26.56632645668
5e+07,6.00001477327286,64.000655366711
9.3e+07,6.89531739460616,119.041218982082
1e+08,6.91595141439755,120.756029348545
1e+08,7.00001477327286,128.001310733422
243605393,7.92840226213322,243.605393
8e+07,6.59402331951019,96.6048234788363
538960929,9.43019546446766,689.877053461027
1.4e+08,7.4854416004431,179.201835026791
1e+08,7.00001477327286,128.001310733422
1e+08,6.91595141439755,120.756029348545
8e+07,6.76078870817528,108.44266839452
206559039,8.12927099680857,279.997667127096
1e+08,6.91595141439755,120.756029348545
1e+08,7.08271680306264,135.55333549315
5e+07,6.00001477327286,64.000655366711
231413913,8.12642701874227,279.446252698897
44418750,5.74519211369685,53.638318786257
142874615,7.51476438413019,182.88137990533
4.7e+07,5.99344946496555,63.7100676817804
27420000,4.56303186065165,23.6379310344828
5e+07,6.08271680306264,67.7766677465749
21800000,4.8024148133877,27.904285739886
3e+08,8.5009139151187,362.268088045636
1897146476,11.5236989023002,2944.27946923256
139700000,7.39828343514492,168.696172999918
1e+08,7.00001477327286,128.001310733422
307985172,8.62287566705983,394.225057024584
93800000,6.99037663091593,127.149028692575
1e+08,6.91595141439755,120.756029348545
109999896,7.22021896280935,149.108528066996
1e+08,6.91595141439755,120.756029348545
1e+08,7.27793973591666,155.195157911073
1e+08,6.91595141439755,120.756029348545
2.2e+07,4.73152684326012,26.56632645668
51612951,6.12852182806975,69.963076626945
48987095,6.24841338144863,76.0255994412974
8e+07,6.6780866783855,102.401048586738
23534205,4.74471810770009,26.8103492469267
2.8e+07,4.8073549220576,28
1e+08,6.91595141439755,120.756029348545
49806670,6.07712766596188,67.514602483066
23161950,4.80578003816129,27.9694511396954
9.3e+07,6.89531739460616,119.041218982082
1508496112,10.9150538462454,1930.89479572271
2.64e+08,8.04439411935845,264
2e+08,8.08271680306264,271.1066709863
593666468,9.74998052084948,861.066303094473
486572988,9.28267100485185,622.819802314776
6e+07,6.26304917910665,76.8007864400531
1e+08,7.08271680306264,135.55333549315
1.48e+08,7.64831397891687,200.618936529862
1e+08,6.91595141439755,120.756029348545
3.3e+07,5.74339186332564,53.5714285714286
5e+07,6.34285393374191,81.1688311688312
5e+07,5.91595141439755,60.3780146742727
1.2e+08,7.17898582023134,144.907235218254
9.8e+07,7.05357045740312,132.842268783287
21735000,4.79810677400149,27.8210848879093
20508800,4.79703178825747,27.8003624696191
1e+08,6.91595141439755,120.756029348545
49996961,6.18024020336278,72.5166414051678
265605400,8.49200128135149,360.036978949923
1e+08,7.08271680306264,135.55333549315
5e+07,6.08271680306264,67.7766677465749
20651700,4.80704925401474,27.9940681860388
5.8e+07,6.2141395786257,74.2407602253847
86966567,6.22826417447907,74.9711784482759
1e+08,6.91595141439755,120.756029348545
99920170,7.27678757251829,155.071265616513
245593314,8.12815836937102,279.781812092235
8e+07,6.6780866783855,102.401048586738
98500000,7.06091243274429,133.520035460753
1e+08,6.91595141439755,120.756029348545
247284884,8.58411378945464,383.774166214014
897221175,10.4434034052787,1392.44381935284
1e+08,7.00001477327286,128.001310733422
9.3e+07,6.89531739460616,119.041218982082
1e+08,7.08271680306264,135.55333549315
9.9e+07,7.06821723336753,134.197802138218
1e+08,6.91595141439755,120.756029348545
116887074,7.0570024815974,133.158663162464
1e+08,6.91595141439755,120.756029348545
5e+07,6.00001477327286,64.000655366711
122697000,7.21105138924976,148.164025329785
5e+07,6.08271680306264,67.7766677465749
269107919,8.70612458149897,417.642459843253
389367173,9.04384806065333,527.800190316883
23490000,4.69237510134092,25.8550663382226
5e+07,6.08271680306264,67.7766677465749
1e+08,6.91595141439755,120.756029348545
99852743,7.27581370072801,154.966622177388
1.39e+08,7.47509965622164,177.921821919456
3.5e+08,8.6392420059255,398.722720245887
30990823,5.49024086614594,44.9497400120385
8e+07,6.6780866783855,102.401048586738
1e+08,7.00001477327286,128.001310733422
59999680,6.34574351450237,81.3315675252163
482587993,9.35350882418023,654.164121200948
4e+07,5.9560116410293,62.0780631644293
1e+08,7.00001477327286,128.001310733422
6e+07,6.34575120889644,81.3320012958899
299142779,8.66355104129661,405.498014821402
1.4e+08,7.56814363023288,189.77466969041
5e+07,6.00001477327286,64.000655366711
1e+08,6.91595141439755,120.756029348545
94994255,6.70816865371196,104.558653247128
280295658,8.56966619912629,379.950113661472
99996000,7.27788202696084,155.188950104757
22969980,4.79377292006958,27.737635790155
6e+07,6.34575120889644,81.3320012958899
1e+08,7.00001477327286,128.001310733422
1.42e+08,7.4218423441275,171.473561674934
99980281,6.78197196979057,110.04669211448
24999910,4.78225128916668,27.5170000638397
1.5e+08,7.5009139151187,181.134044022818
1e+08,6.91595141439755,120.756029348545
124990673,7.4045372458005,169.429026306836
4.8e+07,5.94112108421929,61.4406291520425
204819916,8.11707280803655,277.640227892268
9e+07,6.84801167982781,115.20117966008
5e+07,6.00001477327286,64.000655366711
1.09e+09,10.7241959658062,1691.6272212307
307241029,8.61938565984749,393.272544230853
21866832,4.80683090064848,27.9898315758753
39593928,5.57930251961405,47.8120553159219
120630000,7.18654015636961,145.66799820315
999999936,10.3219427758277,1280.01302541338
22714488,4.77763610594443,27.4291137956518
558700022,9.56479068016377,757.336515221962
30410522,5.36535928877773,41.2224769118781
1e+08,6.91595141439755,120.756029348545
417840662,8.97890430893585,504.567792434876
386807084,9.22955395254653,600.305864825017
42321552,6.03740417541999,65.6809994568169
49258480,6.06116081854777,66.7715126532261
1e+08,7.27793973591666,155.195157911073
1e+08,6.91595141439755,120.756029348545
5e+07,6.00001477327286,64.000655366711
1e+08,6.91595141439755,120.756029348545
5e+07,6.00001477327286,64.000655366711
2.2e+07,4.73152684326012,26.56632645668
5e+07,6.00001477327286,64.000655366711
5e+07,5.91595141439755,60.3780146742727
5e+07,6.08271680306264,67.7766677465749
1.3e+08,7.46122842631637,176.219336141095
1034686823,10.2030093404163,1178.72327048324
1e+08,7.00001477327286,128.001310733422
251401194,8.41270830474544,340.782703936604
334999414,9.02209830784518,519.90286955847
5e+07,6.08271680306264,67.7766677465749
1e+08,6.91595141439755,120.756029348545
32840206,5.17579156487042,36.1466881520177
8e+07,6.76078870817528,108.44266839452
1e+08,6.91595141439755,120.756029348545
142967967,7.15954812679845,142.967967
283363115,8.68297986981391,410.995808283354
149999978,7.76529018215815,217.563115794359
5e+07,6.00001477327286,64.000655366711
22999989,4.79565649069509,27.7738734670022
98991901,6.76763888424264,108.958798097138
1e+08,6.83188708386789,113.92077721311
2797137081,12.083818789385,4341.02130984713
39127967,5.47815914201983,44.5748841140894
130974247,7.17153965053516,144.161253502927
21998751,4.64738060467328,25.0611481163769
3.6e+07,5.44202022606513,43.4721705654763
5e+07,6.00001477327286,64.000655366711
1.05e+08,7.07040410116426,134.401376270093
5e+07,6.00001477327286,64.000655366711
341883231,8.55576014476489,376.305390269514
134547364,7.3440655409286,162.474054359534
99356230,6.77293882057203,109.359809185428
1110825615,10.6538883382908,1611.16478232807
9.7e+08,10.2779995205726,1241.61271411419
1e+08,6.91595141439755,120.756029348545
27657676,5.06170325531401,33.3983113476856
1e+08,7.08271680306264,135.55333549315
1.25e+08,7.23787950928491,150.945036685682
38762677,5.63275488694192,49.6167346353627
1e+08,7.00001477327286,128.001310733422
5e+07,6.00001477327286,64.000655366711
1.2e+08,7.17898582023134,144.907235218254
49261270,5.97854050068204,63.0550712839299
9e+07,6.84801167982781,115.20117966008
9.2e+07,6.87972053955515,117.761205874748
1.44e+09,10.8480116798278,1843.21887456128
9.8e+07,6.97086842761334,125.441284518753
1.98e+08,7.81738751417278,225.563138881959
5e+07,6.08271680306264,67.7766677465749
250197522,8.60100723678724,388.294439357492
256467482,8.53910380841103,371.985817783612
5e+07,6.08271680306264,67.7766677465749
1.33e+08,7.41144101899932,170.241743275451
163920836,7.71301402053101,209.820818645183
25178226,4.79250502564809,27.7132696257454
5e+07,5.91595141439755,60.3780146742727
204161994,8.02972909800485,261.33002833949
1e+08,7.08271680306264,135.55333549315
8e+07,6.6780866783855,102.401048586738
9.4e+07,6.99344946496555,127.420135363561
24443250,4.79939510912727,27.8459403761436
21903200,4.72516497869171,26.4494346202706
5.4e+07,6.1110460856616,69.1207077960478
49944548,6.27633884151637,77.5115201365717
1e+08,6.91595141439755,120.756029348545
20998752,4.74839026642388,26.8786777976606
5e+07,6.08271680306264,67.7766677465749
1e+08,7.00001477327286,128.001310733422
5e+07,6.08271680306264,67.7766677465749
69999976,6.5681431355945,94.8873023124043
2.3e+07,4.79565718067984,27.7738867501654
1.42e+08,7.50590570300282,181.761861241459
2.1e+07,4.74847600627689,26.8802752540186
56933965,6.18737625390318,72.8762214525077
1e+08,7.08271680306264,135.55333549315
71500000,6.51602992027652,91.5209371743967
5e+07,6.27793973591666,77.5975789555366
925507045,10.4881837079119,1436.34211996586
212447730,7.91899501243207,242.02210518761
1573580425,10.6198352006887,1573.580425
199921594,7.91538572376957,241.41737872472
54159842,6.0312468496685,65.4012747006458
192107738,8.12224352421371,278.637094516683
1e+08,7.27793973591666,155.195157911073
33723996,5.70978713424341,52.338008846124
2.2e+07,4.73152684326012,26.56632645668
396668870,8.90388659570011,479.001577073743
1e+09,10.1041845777655,1100.68396501586
1e+08,6.91595141439755,120.756029348545
5e+07,6.08271680306264,67.7766677465749
199995195,8.08268214189792,271.100157648529
9.9e+07,7.06821723336753,134.197802138218
5e+07,6.08271680306264,67.7766677465749
452031431,8.82027928049328,452.031431
279010379,8.39627020474348,336.921855150728
149728576,7.86028932484247,232.371499961201
47320192,5.8364792468837,57.141984939308
1e+08,6.91595141439755,120.756029348545
519377996,9.1590413768827,571.671031979272
331075479,8.50941664482077,364.409470945245
1e+08,6.91595141439755,120.756029348545
1e+08,7.00001477327286,128.001310733422
1e+08,7.08271680306264,135.55333549315
128706724,7.36410219923283,164.746293722048
85110514,7.04534900512283,132.087396601226
99900000,6.99857135640319,127.873309422688
387846213,9.03820151804352,525.738478305366
119208492,7.43381490508994,172.902498350146
5e+07,6.00001477327286,64.000655366711
31138380,5.31678056735088,39.8575345411537
28654560,5.47477638440598,44.4704896407232
5e+07,5.91595141439755,60.3780146742727
1e+08,6.91595141439755,120.756029348545
8.5e+07,6.84825154942562,115.220335169177
399768198,8.64301989844414,399.768198
2687758333,11.3921877101834,2687.758333
5e+07,6.00001477327286,64.000655366711
99363299,7.07350178201476,134.690266050532
96500000,6.94861562076621,123.521264857752
5e+07,6.00001477327286,64.000655366711
144627629,7.61505998753483,196.047575154158
226430735,8.09502121277306,273.428764810727
1.54e+08,7.62294512419304,197.12201852947
8e+07,6.76078870817528,108.44266839452
20600000,4.80343304558377,27.9239871115889
6551843813,12.8160855432768,7211.50942625748
4e+07,5.9560116410293,62.0780631644293
1e+08,6.91595141439755,120.756029348545
24143568,5.22765053814663,37.4696484829673
1665538850,11.2382449943178,2415.73249885779
1e+08,6.91595141439755,120.756029348545
1e+08,6.91595141439755,120.756029348545
7.5e+07,6.58497727399401,96.0009830500664
46500000,5.89531739460616,59.5206094910412
44907948,6.12298244290946,69.6949608132226
223121833,8.07378310601493,269.433066140492
22990082,4.79503493131584,27.7619101671746
179999984,7.76394819271293,217.360833506417
1e+08,6.91595141439755,120.756029348545
6e+07,6.34575120889644,81.3320012958899
138889064,6.90366439170305,119.731951724138
1e+08,6.91595141439755,120.756029348545
25360045,4.66448540034967,25.360045
7e+07,6.4854416004431,89.6009175133953
1e+08,7.00001477327286,128.001310733422
5e+07,6.00001477327286,64.000655366711
1e+08,6.91595141439755,120.756029348545
96400000,6.86305646596542,116.408812291998
4.9e+07,5.97086842761334,62.7206422593767
1e+08,7.00001477327286,128.001310733422
1e+08,7.08271680306264,135.55333549315
9.86e+08,10.301602419876,1262.09292383154
32378211,4.80282656384916,27.912250862069
49999872,5.91594772109352,60.3778601065551
2.7e+07,4.75488750216347,27
191750000,8.11955447076049,278.118223814462
5e+07,6.00001477327286,64.000655366711
84305275,6.93402270188937,122.278139980129
6e+07,6.26304917910665,76.8007864400531
122650000,7.37726403695816,166.256165982348
5e+07,6.08271680306264,67.7766677465749
5e+07,6.08271680306264,67.7766677465749
289905105,8.81352047426022,449.918685497013
36298929,5.45395030163801,43.8331453564476
23030000,4.71347340011129,26.2359549921793
1e+08,6.91595141439755,120.756029348545
1e+08,6.83188708386789,113.92077721311
9.4e+07,6.91074743517577,120.321232089417
1e+08,7.08271680306264,135.55333549315
69997200,6.76330885413108,108.63226507333
21815423,4.80343512615839,27.9240273820404
376004936,8.82670301538551,454.048630868139
2.3e+07,4.79565718067984,27.7738867501654
203741057,8.30467647106452,316.19625514084
1e+08,6.91595141439755,120.756029348545
5e+07,6.00001477327286,64.000655366711
120652000,7.18680324512872,145.694564529607
162084746,7.52863540726087,184.648202387096
439841404,9.41492315305615,682.612561496081
250831999,8.10897788944649,276.086759212174
1e+08,6.91595141439755,120.756029348545
124355389,7.31448380205899,159.176527887646
32480000,4.8073549220576,28
57800000,6.20915617111145,73.9847576039179
5.5e+07,6.31783141678222,79.7731541579944
21401564,4.55804461885066,23.5563583210607
241415913,7.91537696466443,241.415913
120652000,7.18680324512872,145.694564529607
531485891,9.32598280840321,641.801258519338
5e+07,6.00001477327286,64.000655366711
6e+07,6.26304917910665,76.8007864400531
66319830,6.40752698711193,84.8902516761772
5e+07,6.00001477327286,64.000655366711
1e+08,6.91595141439755,120.756029348545
263633668,8.04239081488153,263.633668
20580000,4.80203169040716,27.8968764444902
5e+07,6.00001477327286,64.000655366711
1e+08,7.00001477327286,128.001310733422
4.8e+07,5.94112108421929,61.4406291520425
20283718,4.78111083036503,27.4952563110244
1695774741,10.999824050869,2047.75024392718
47900000,6.02081436413673,64.9300477012188
1e+08,6.91595141439755,120.756029348545
1e+08,7.00001477327286,128.001310733422
80928203,6.77743126914442,109.700878521167
5e+07,6.00001477327286,64.000655366711
90900000,6.94506900259466,123.217981963273
8e+07,6.6780866783855,102.401048586738
66030000,6.48391035412591,89.5058674261268
1e+08,7.00001477327286,128.001310733422
955851652,10.1727381439727,1154.24850141768
23055000,5.16109130677914,35.7802436563979
1e+08,7.08271680306264,135.55333549315
55708286,6.1559786070646,71.3073362671234
51300000,6.11974753400761,69.5388611079859
6e+07,6.26304917910665,76.8007864400531
5e+07,6.27793973591666,77.5975789555366
5e+07,6.00001477327286,64.000655366711
420556266,8.98825024519609,507.847047998107
98124970,6.40242359734734,84.5904913793104
1e+08,7.00001477327286,128.001310733422
5e+07,6.08271680306264,67.7766677465749
7e+07,6.4854416004431,89.6009175133953
1.2e+08,7.17898582023134,144.907235218254
5e+07,6.00001477327286,64.000655366711
4.5e+07,5.27772829097683,38.7931034482759
22540000,4.76651083502032,27.2184090151621
279970047,8.12912867638753,279.970047
1e+08,7.00001477327286,128.001310733422
1e+08,7.08271680306264,135.55333549315
135125735,7.43431723861832,172.96271193817
5e+07,6.00001477327286,64.000655366711
25431120,4.80692338847201,27.9916259963942
1e+08,7.27793973591666,155.195157911073
1e+08,6.91595141439755,120.756029348545
747662850,10.1803275858613,1160.33654069993
1e+08,7.27793973591666,155.195157911073
5e+07,6.00001477327286,64.000655366711
78097426,6.64336167799179,99.9657289290642
1.52e+08,7.6867881267315,206.041069949588
111273000,7.2368203733562,150.834263003293
22900000,4.7893709178324,27.6531307208169
94500000,7.00110303750899,128.097902041027
1e+08,6.91595141439755,120.756029348545
1.27e+08,7.26077991139499,153.360157272653
79090200,6.66158562103168,101.236492661685
103930364,6.97156862390898,125.50218085389
20559650,4.80060441300073,27.8692913407174
29788126,4.8966654599804,29.788126
216085700,7.54133498590339,186.280775862069
24141000,4.73181382651787,26.5716115994479
180781983,7.68613798766214,205.948240094873
69992845,6.48529412886301,89.5917590196124
5e+07,6.27793973591666,77.5975789555366
478588766,9.34150333569688,648.743035608506
5e+07,6.27793973591666,77.5975789555366
1e+08,6.91595141439755,120.756029348545
20650000,4.80693048982,27.9917637793354
30829087,5.48269196296866,44.7151547236585
1e+08,6.91595141439755,120.756029348545
1e+08,6.91595141439755,120.756029348545
21784000,4.80135556587984,27.8838055301686
31679019,5.61953930139164,49.1643035617289
9.3e+07,6.89531739460616,119.041218982082
1e+08,7.00001477327286,128.001310733422
2819886933,11.7335168263521,3405.18349240928
258155115,8.54856607649676,374.433596101268
21600000,4.78911799077424,27.6482831184191
107748429,6.93955391846828,122.747847751717
2.2e+07,4.73152684326012,26.56632645668
98425753,7.05982455284901,133.419391175749
150024542,7.66791532862054,203.363270739321
8e+07,6.76078870817528,108.44266839452
9.2e+07,6.87972053955515,117.761205874748
20493030,4.71321998839564,26.2313470089934
459120648,9.11482473012753,554.415864444112
20029440,4.51208107460859,22.8176937194336
1e+08,7.08271680306264,135.55333549315
1e+08,6.91595141439755,120.756029348545
22857192,4.78667149924358,27.6014374797734
40021865,5.85918819586232,58.0485528424625
407336181,8.45595134958814,351.151880172414
30088080,5.54520368844976,46.69524326841
2e+08,8.27793973591666,310.390315822146
94600000,6.91992686195017,121.089239953817
1.35e+08,7.51567621033875,182.997002915752
479267442,9.53877067282628,743.799863428261
1085230353,10.2718164830452,1236.30285269018
84587645,6.18825024603691,72.9203836206896
20417432,4.62382474234474,24.6552801781393
5e+07,6.08271680306264,67.7766677465749
7e+07,6.4854416004431,89.6009175133953
138951936,7.55730273863128,188.353983980307
21478590,4.78098596655167,27.4928767270577
1e+08,6.91595141439755,120.756029348545
3e+07,5.17898582023134,36.2268088045636
2e+08,7.91595141439755,241.512058697091
117818330,7.41689190200445,170.886178213226
28575692,5.4708000767527,44.3480903235819
1e+08,6.91595141439755,120.756029348545
99983810,7.27770614467982,155.170031815007
20250150,4.69601927297311,25.920457425484
20540380,4.79925158014514,27.8431702129678
5e+07,6.08271680306264,67.7766677465749
7e+07,6.4854416004431,89.6009175133953
5e+07,6.00001477327286,64.000655366711
2e+08,7.91595141439755,241.512058697091
1e+08,7.27793973591666,155.195157911073
2884737757,11.8503830418414,3692.50214018192
96285000,6.86133438122191,116.269942858247
1e+08,6.83188708386789,113.92077721311
69500000,6.47509965622164,88.9609109597282
1246514191,10.8201552952728,1807.97034034128
1e+08,6.91595141439755,120.756029348545
1e+08,6.91595141439755,120.756029348545
48871010,6.0497676287397,66.2462841441908
5e+07,6.27793973591666,77.5975789555366
83063212,6.56416864989415,94.6262566885736
9e+07,6.93071370961759,121.998001943835
139619000,7.39744669792628,168.598360616146
24999478,5.27790961212972,38.797979359044
25243200,4.79622319575585,27.7847854656884
355210439,8.91139078360267,481.49959808436
846029647,9.9125953037503,963.803549315735
1e+08,7.00001477327286,128.001310733422
1.39e+08,7.55780168601142,188.419136335478
1e+08,6.91595141439755,120.756029348545
1e+08,6.91595141439755,120.756029348545
5e+07,6.08271680306264,67.7766677465749
1048959328,10.2227739191773,1194.98261910702
535615301,9.42121194820228,685.594605768763
7.8e+07,6.91948576500419,121.052223170637
53641244,6.1014293737155,68.661495413713
1e+08,6.91595141439755,120.756029348545
23179924,4.80689915569914,27.9911558284105
1e+08,6.91595141439755,120.756029348545
82652000,6.72513640843147,105.795643347388
278795585,8.12306390467891,278.795585
1e+08,7.08271680306264,135.55333549315
5e+07,6.00001477327286,64.000655366711
220359625,8.41779964880841,341.987467990999
7e+07,6.4854416004431,89.6009175133953
279668893,8.76165953063036,434.0325801195
199886844,7.91513493540178,241.375416004521
9e+07,6.84801167982781,115.20117966008
48953670,5.96950369944688,62.6613392521139
1e+08,6.91595141439755,120.756029348545
132940484,7.49349731453913,180.205260282737
6e+07,6.54097414175046,93.1170947466439
21911745,4.59203276974476,24.1179063670165
23977396,4.77163397626159,27.3152358786653
5e+07,6.08271680306264,67.7766677465749
220441696,8.22311393497089,298.816071745669
840361340,10.3489495296825,1304.20010863661
1e+08,6.91595141439755,120.756029348545
2.75e+08,8.37538303303485,332.0790807085
1e+08,6.91595141439755,120.756029348545
67821616,6.35576847968318,81.8986905216177
1.2e+08,7.09492148970169,136.704932655733
8e+07,6.85839979814492,116.033678775265
1e+08,6.91595141439755,120.756029348545
8e+07,6.6780866783855,102.401048586738
20572288,4.80149096400645,27.886422571257
3.6e+07,5.44202022606513,43.4721705654763
5e+07,6.00001477327286,64.000655366711
123878000,7.22487141051942,149.590154036391
9e+08,10.252641804505,1219.98001943835
284962875,8.7887137129409,442.248583844184
1226374613,10.8942675682052,1903.27401722666
1e+08,6.91595141439755,120.756029348545
213185934,8.37005198818873,330.854246915496
6e+07,6.26304917910665,76.8007864400531
226324721,8.09434559032464,273.300746513773
20998031,4.74834073009989,26.8777549082103
9.3e+07,6.89531739460616,119.041218982082
22567144,4.76824716835665,27.2511870317685
443350720,9.06439983285997,535.372725560187
96662765,7.03374897124978,131.029602137405
179998546,8.1259249886546,279.349027702336
98300000,6.97527809495135,125.825288450954
80859723,6.60944458090843,97.6429908370325
201195341,8.00861167089136,257.532673614578
7e+07,6.4854416004431,89.6009175133953
1e+08,7.00001477327286,128.001310733422
1e+08,6.91595141439755,120.756029348545
1e+08,7.00001477327286,128.001310733422
21735000,4.79810677400149,27.8210848879093
97718193,6.96671386399187,125.080567865015
21742360,4.6304675335549,24.7690654964724
9.9e+07,6.98551520357774,126.721297626088
99898261,6.91448288372895,120.633173371846
1437418925,10.8454234539223,1839.91506473026
503627948,9.33237311852642,644.650374659837
5e+07,6.08271680306264,67.7766677465749
1e+08,7.00001477327286,128.001310733422
249999998,8.59986781926247,387.98789167378
49100000,6.05651173271525,66.5566877271366
478135142,9.17336985925056,577.377012399229
30650000,4.72369036345057,26.4224137931034
50263200,6.09029123130728,68.1334441255929
1e+08,6.91595141439755,120.756029348545
1e+08,6.91595141439755,120.756029348545
1e+08,7.08271680306264,135.55333549315
5e+07,6.00001477327286,64.000655366711
510740447,9.35260508800304,653.754466605738
5e+07,6.08271680306264,67.7766677465749
6e+07,6.26304917910665,76.8007864400531
5e+07,6.08271680306264,67.7766677465749
345873098,8.70619421969172,417.662619729603
5e+07,6.00001477327286,64.000655366711
6e+07,6.34575120889644,81.3320012958899
91505567,6.7038185054808,104.243853119664
1e+08,6.91595141439755,120.756029348545
5e+07,6.00001477327286,64.000655366711
1e+08,6.91595141439755,120.756029348545
20151616,4.77168424428355,27.3161876437713
59996248,6.54088392239968,93.1112718243191
271430029,8.62090823166983,393.687809936834
5e+07,6.18032789303228,72.5210492345403
69800000,6.48131371482042,89.3449148919285
5e+07,5.91595141439755,60.3780146742727
1e+08,7.08271680306264,135.55333549315
515701220,9.14879194141873,567.624063593117
1e+08,7.27793973591666,155.195157911073
3.6e+07,5.44202022606513,43.4721705654763
739146686,9.66811718306115,813.566905074813
9.2e+07,6.87972053955515,117.761205874748
5e+07,6.27793973591666,77.5975789555366
59975204,6.54037780074747,93.0786125552883
1.4e+08,7.40137824156779,169.058441087964
401214876,8.78663158118508,441.610780539027
3e+08,8.86290223663782,465.58547373322
1e+08,6.91595141439755,120.756029348545
5e+07,6.00001477327286,64.000655366711
1e+08,7.08271680306264,135.55333549315
7e+07,6.4854416004431,89.6009175133953
9.1e+07,6.86395322369683,116.481192767414
1e+08,6.91595141439755,120.756029348545
5e+07,6.08271680306264,67.7766677465749
30512500,5.37018909818171,41.3607114923473
20492072,4.79585457407612,27.7776871076578
1.26e+08,7.41614053678783,170.797202721369
1e+08,6.91595141439755,120.756029348545
5e+07,6.00001477327286,64.000655366711
1e+08,6.91595141439755,120.756029348545
49994864,6.27779153467032,77.5896081322263
136400000,7.53056044742473,184.894749612656
85104160,6.85001836258575,115.361527523427
21800000,4.8024148133877,27.904285739886
138170085,7.54916209683605,187.29415887122
68498677,6.45416280216711,87.679204395053
214798710,7.93487241293521,244.700359875735
2.1e+07,4.74847600627689,26.8802752540186
5e+07,6.00001477327286,64.000655366711
63865550,6.43582663862101,86.5718832560453
24122085,4.78031360140746,27.4800667120071
169998150,8.04345878227759,263.828897338403
119755002,7.34280271964943,162.331899630888
5e+07,6.00001477327286,64.000655366711
29999797,5.54096437948099,46.5582323271514
139396578,7.47920991867556,178.429446957537
4e+08,9.08271680306264,542.213341972599
5e+07,6.08271680306264,67.7766677465749
1.06e+08,7.16678106785112,143.686535622739
99971465,6.99960304149632,127.964785559404
84179263,6.39539297364569,84.179263
8.9e+07,6.83189201446453,113.921166552746
3.6e+07,5.44202022606513,43.4721705654763
4.8e+07,5.94112108421929,61.4406291520425
57800000,6.20915617111145,73.9847576039179
6e+07,6.34575120889644,81.3320012958899
1e+08,6.91595141439755,120.756029348545
175470835,7.81124603344705,224.60496875488
200854497,8.08886756580011,272.264970171489
20596000,4.80315288342329,27.9185649781691
5e+07,6.08271680306264,67.7766677465749
5e+07,6.00001477327286,64.000655366711
20414370,4.79037375397003,27.6723594549129
216249727,8.19541511451261,293.133717943331
1e+08,7.08271680306264,135.55333549315
23150229,4.80504978407692,27.9552973254955
69998500,6.48541068521813,89.5989974937343
7e+07,6.4854416004431,89.6009175133953
5e+07,6.08271680306264,67.7766677465749
76900000,6.70377230636238,104.240514994232
138671866,7.55439192382174,187.974339753591
1e+09,10.2378795092849,1207.56029348545
5e+07,6.08271680306264,67.7766677465749
141201300,7.28000985402919,155.418006749394
1e+08,7.00001477327286,128.001310733422
1e+08,7.08271680306264,135.55333549315
1e+08,7.00001477327286,128.001310733422
1e+08,6.91595141439755,120.756029348545
20160034,4.77228678012769,27.3275985235531
626661192,9.47957273625252,713.897300419342
9.9e+07,6.98551520357774,126.721297626088
91505567,6.7038185054808,104.243853119664
6131920700,12.5821233243762,6131.9207
169999076,7.76554167814266,217.601045514706
79928505,6.95472174603754,124.04516955071
1.25e+08,7.23787950928491,150.945036685682
5e+07,6.00001477327286,64.000655366711
1229233070,10.4515736640783,1400.35186710458
1.06e+08,7.00001567918602,128.001391109458
1e+08,6.91595141439755,120.756029348545
1.13e+08,7.17633754591332,144.641481128767
132075843,7.48408342126667,179.033210567196
36482404,5.54528747709337,46.6979553070623
5e+07,5.91595141439755,60.3780146742727
138500000,7.46990074954732,177.281815365789
59127398,6.32461549846753,80.14916017931
138900000,7.55676340238195,188.283582999985
5e+07,6.00001477327286,64.000655366711
8e+07,6.76078870817528,108.44266839452
5e+07,6.00001477327286,64.000655366711
4.8e+07,5.94112108421929,61.4406291520425
605842738,9.38119983672264,666.841387037905
5e+08,9.32194286816022,640.00655366711
2095405549,11.4718743909956,2840.39211377805
5e+07,6.00001477327286,64.000655366711
98800000,6.98259772019545,126.465295004621
2461591085,11.6215339920298,3150.86885369706
238838529,8.25605036160717,305.716447656424
1e+08,6.91595141439755,120.756029348545
379896814,8.84155902730684,458.748308208029
1e+08,6.91595141439755,120.756029348545
20189129,4.77436737939513,27.3670377665148
5e+07,6.08271680306264,67.7766677465749
22969451,4.79373969433474,27.7369969907597
39604467,5.57968648100937,47.824781793855
6e+07,6.34575120889644,81.3320012958899
162488974,7.53222890849998,185.108702066409
1.39e+08,7.47509965622164,177.921821919456
183889658,8.05916823753653,266.717418830816
7e+07,6.4854416004431,89.6009175133953
187003241,8.18100300995529,290.219975168775
710924631,9.82971139324962,909.992846006743
23004465,4.79593722451375,27.7792785068758
1.5e+08,7.5009139151187,181.134044022818
21600000,4.78911799077424,27.6482831184191
1e+08,7.27793973591666,155.195157911073
1e+08,6.91595141439755,120.756029348545
744635370,9.72842122935045,848.294400907721
295358994,8.56248431752275,378.063383689049
5e+07,6.08271680306264,67.7766677465749
1e+08,6.91595141439755,120.756029348545
1e+08,6.91595141439755,120.756029348545
1.6e+08,7.50995898898053,182.273243540977
7e+07,6.56814363023288,94.8873348452049
329000657,8.71810523823549,421.12515328157
91722912,6.95807086620421,124.333466627447
1e+08,7.27793973591666,155.195157911073
1.73e+08,7.6226591217299,197.082944578681
7.8e+07,6.64156080236038,99.8410223720691
44997648,5.93063830278614,60.9958127574666
1e+08,7.08271680306264,135.55333549315
5e+07,6.00001477327286,64.000655366711
166168423,7.73266102596153,212.697759465057
1e+08,6.91595141439755,120.756029348545
1e+08,7.00001477327286,128.001310733422
21325382,4.55289997265604,23.4725060152379
3314830243,12.3288028206433,5144.45603010786
441787828,8.92561015343658,486.268778218785
229558524,8.28157880646648,311.174236190843
7.9e+07,6.65993933167524,101.121035479403
1e+08,6.91595141439755,120.756029348545
212065482,7.86676629469383,233.41707557076
44418750,5.74519211369685,53.638318786257
7e+07,6.4854416004431,89.6009175133953
293755389,8.55463009171564,376.010748270062
1e+08,7.08271680306264,135.55333549315
24424672,4.7982981772888,27.824776174153
2349345662,11.1980432790532,2349.345662
89019686,6.91491312014226,120.669153618529
6776731312,13.3604574025322,10517.1588608675
170500000,7.76978651252231,218.242234800484
97000190,7.03877628136978,131.486992979693
5e+07,6.27793973591666,77.5975789555366
54982207,6.05298813767518,66.394330021398
137900000,7.54633925991453,186.928049645054
40516740,5.97452973977253,62.8800186234189
122697000,7.21105138924976,148.164025329785
647347347,9.97247976239802,1004.65173740979
1e+08,7.00001477327286,128.001310733422
1e+08,6.91595141439755,120.756029348545
8e+07,6.76078870817528,108.44266839452
5e+07,6.00001477327286,64.000655366711
253018116,8.42195748809163,342.974495639927
76947349,6.05167491302841,66.3339215517241
1e+08,6.91595141439755,120.756029348545
1e+08,7.08271680306264,135.55333549315
5e+07,5.91595141439755,60.3780146742727
12479084516,14.2413080255428,19366.9349204625
1e+08,6.91595141439755,120.756029348545
20567800,4.8011761948514,27.8803389375601
1.5e+08,7.6676793037838,203.330003239725
1.2e+08,7.09492148970169,136.704932655733
20651125,4.80700908486657,27.9932887543597
6e+07,6.34575120889644,81.3320012958899
5e+07,6.08271680306264,67.7766677465749
9.8e+07,7.05357045740312,132.842268783287
5e+07,6.08271680306264,67.7766677465749
1e+08,6.91595141439755,120.756029348545
5e+07,6.27793973591666,77.5975789555366
29995611,5.04507980698648,33.0156880485534
8.5e+07,6.76554951963583,108.801114123409
98390000,6.97659837114985,125.940489630614
20002440,4.7609647062346,27.113974600016
76956980,6.9000638259934,119.433506634593
640789631,9.95779053874145,994.474479708233
25340900,4.80179615171496,27.8923222890704
1e+08,6.83188708386789,113.92077721311
25414151,4.80596042406741,27.9729484901918
5e+07,6.00001477327286,64.000655366711
5e+07,5.91595141439755,60.3780146742727
39963479,5.95469382269746,62.0213843408086
237485106,8.07972412079054,270.544878520579
152378414,7.38991502730491,167.720476904348
1e+08,7.00001477327286,128.001310733422
99884458,7.08104892062047,135.396714458254
24500000,4.80274073820838,27.9105904172121
1e+08,6.91595141439755,120.756029348545
1e+08,7.00001477327286,128.001310733422
49934474,5.91405949372167,60.2988880784818
1e+08,6.91595141439755,120.756029348545
20486138,4.7954367445793,27.7696433727297
49991859,6.27770481718485,77.584944517731
152680000,7.52646250606366,184.370305609359
1e+08,6.91595141439755,120.756029348545
191100230,8.01704631774462,259.042735900081
1e+08,7.00001477327286,128.001310733422
5e+07,6.08271680306264,67.7766677465749
39067991,5.28791516436191,39.067991
7.5e+07,6.58497727399401,96.0009830500664
1.23e+08,7.13054539943241,140.122555972126
159570279,7.45644844814616,175.636447388407
8e+07,6.76078870817528,108.44266839452
1e+08,6.91595141439755,120.756029348545
141997418,7.50587947009815,181.758556247616
230089481,8.03408211325335,262.119725040812
1e+08,6.91595141439755,120.756029348545
188257009,7.82865499329901,227.331689038734
23018233,4.7968004084112,27.7959041969966
20698172,5.00551499991389,32.1225607201055
2.2e+07,4.73152684326012,26.56632645668
6e+07,6.26304917910665,76.8007864400531
7.5e+07,6.58497727399401,96.0009830500664
1e+08,7.08271680306264,135.55333549315
20412391,4.48977356996005,22.4675914613341
1e+08,7.08271680306264,135.55333549315
20908554,4.74217996942995,26.7632231754053
20192829,4.6078663648184,24.3840585135416
1e+08,7.00001477327286,128.001310733422
1e+08,6.91595141439755,120.756029348545
21874776,4.8073549220576,28
1e+08,6.91595141439755,120.756029348545
1e+08,6.91595141439755,120.756029348545
151941000,7.60352599476082,194.486471541468
4610107555,12.4426799187801,5566.98283211531
99988684,7.08255353845413,135.537996277705
6e+07,6.26304917910665,76.8007864400531
1e+08,7.00001477327286,128.001310733422
1e+08,7.08271680306264,135.55333549315
91384935,6.95274506172824,123.875327530747
5e+07,6.27793973591666,77.5975789555366
6e+07,6.34575120889644,81.3320012958899
6638194444,13.3306587198295,10302.1563498099
1e+08,7.08271680306264,135.55333549315
1e+08,6.91595141439755,120.756029348545
43300000,5.7924537033375,55.4245675475717
193990000,7.87193369916949,234.254621333243
691822847,9.70635407296143,835.417800163262
185048106,7.97061717253816,250.838879949899
799994797,10.0827074201043,1084.41963110515
1e+08,6.83188708386789,113.92077721311
170013302,8.10850156233232,275.99562012987
5e+07,6.27793973591666,77.5975789555366
5e+07,6.00001477327286,64.000655366711
5e+07,6.27793973591666,77.5975789555366
668347530,9.52285495897605,735.639409328957
1309382442,10.7108294066904,1676.02668827329
5e+07,6.00001477327286,64.000655366711
1e+08,6.91595141439755,120.756029348545
5e+07,6.00001477327286,64.000655366711
5e+07,6.00001477327286,64.000655366711
5e+07,6.00001477327286,64.000655366711
206135748,8.12631152138055,279.423882057754
1.48e+08,7.64831397891687,200.618936529862
1e+08,6.91595141439755,120.756029348545
5e+07,6.00001477327286,64.000655366711
2.3e+07,4.79565718067984,27.7738867501654
5e+07,6.27793973591666,77.5975789555366
5e+07,6.08271680306264,67.7766677465749
5e+07,6.00001477327286,64.000655366711
290893376,8.72081833790379,421.917856857953
1e+08,7.00001477327286,128.001310733422
5e+07,6.08271680306264,67.7766677465749
3572634520,12.1589312021358,4573.0190133147
8e+07,6.6780866783855,102.401048586738
9.5e+07,7.00871622161886,128.775668718492
20640125,4.80624041616193,27.9783778874555
22545000,4.63313589796624,24.8149199912826
143054980,7.69689761436515,207.489944956524
229003293,8.27808514706439,310.421602050651
472718848,9.42131028126181,685.641336998064
1.4e+08,7.40137824156779,169.058441087964
51200000,6.03423048861077,65.536671095512
7e+07,6.4854416004431,89.6009175133953
1e+08,7.08271680306264,135.55333549315
23163806,4.8058956387355,27.9716923716001
1.2e+08,7.17898582023134,144.907235218254
122761165,7.47618213514961,178.055369821091
9.9e+07,6.98551520357774,126.721297626088
122650000,7.37726403695816,166.256165982348
59719394,6.25628620424592,76.4416070820565
1e+08,6.91595141439755,120.756029348545
1e+08,6.91595141439755,120.756029348545
8e+07,6.6780866783855,102.401048586738
9e+07,6.84801167982781,115.20117966008
1e+08,6.91595141439755,120.756029348545
131285266,7.03656120302385,131.285266
7e+07,6.4854416004431,89.6009175133953
1.09e+08,7.04027954939975,131.624071989914
149962090,7.76492573054355,217.508162244091
171821577,7.78092599179962,219.933870682836
315428537,8.93525292339442,489.529816093738
5e+07,6.00001477327286,64.000655366711
1e+08,6.91595141439755,120.756029348545
219953457,7.91945475908671,242.099243169706
9e+07,6.7639483209525,108.680426413691
4.9e+07,5.97086842761334,62.7206422593767
627342919,9.82958215950741,909.911334314785
5e+07,6.00001477327286,64.000655366711
439841404,9.41492315305615,682.612561496081
5e+07,6.08271680306264,67.7766677465749
270740000,7.86663943613603,233.396551724138
26471000,5.36042433785695,41.0817102506402
21864260,4.80666119934537,27.9865393821633
84995092,6.76546621432179,108.794831819078
1e+08,6.91595141439755,120.756029348545
1e+08,7.00001477327286,128.001310733422
5e+07,6.00001477327286,64.000655366711
184220083,7.96414715040475,249.716467154749
121244356,7.36063439357619,164.350768655189
5e+07,5.91595141439755,60.3780146742727
27428869,4.77762323031704,27.428869
8e+07,6.76078870817528,108.44266839452
24578040,4.80732886014166,27.9994941917492
457782001,9.11061215475179,552.799367479918
20070482,4.76586397214336,27.2062078005522
1e+08,7.08271680306264,135.55333549315
20252715,4.77890403120864,27.4532307104215
5e+07,6.00001477327286,64.000655366711
8e+07,6.76078870817528,108.44266839452
1e+08,6.91595141439755,120.756029348545
1e+08,6.91595141439755,120.756029348545
1867716833,10.8670600274005,1867.716833
1e+08,6.91595141439755,120.756029348545
119002400,7.52893040552705,184.685962597967
4.6e+07,5.96242256934493,62.3545343268489
99854808,7.17823169312272,144.831508945471
5e+07,6.27793973591666,77.5975789555366
9.7e+07,6.95607142568526,124.161271411419
1320392732,10.5547822812466,1504.20166255982
440336858,8.92086409169597,484.671718806066
20655360,4.80730491316179,27.9990294381179
51400000,6.12255706759443,69.674414443479
24990810,4.78172605068173,27.506983839758
1e+08,7.08271680306264,135.55333549315
23104000,4.80216596684791,27.8994730206879
20597308,4.80324450243646,27.9203380157974
3288432996,12.0393431428652,4209.23733747034
7.5e+07,6.58497727399401,96.0009830500664
24313950,4.79174327899426,27.6986408112071
5e+07,6.27793973591666,77.5975789555366
199018467,7.77515878808534,219.056435368938
28917463,5.48795262769352,44.8785023667262
98848000,6.62713987096555,98.848
1e+08,6.91595141439755,120.756029348545
875718491,10.1304819479978,1120.93114681494
114200000,7.2742794537634,154.801909133177
115225396,7.1204101402518,139.141613010738
7.7e+07,6.90087008683684,119.500271591526
5e+07,5.91595141439755,60.3780146742727
299999892,8.58497675462371,384.00379395885
3e+08,8.5009139151187,362.268088045636
132925366,7.49333324184118,180.184767329477
99705031,6.63959439806276,99.705031
149997857,7.66765869233341,203.327098331745
1301958148,10.9805509040055,2020.57600372468
23180000,4.80690388585457,27.9912476029928
1e+08,6.91595141439755,120.756029348545
20472022,4.79444231104012,27.7505086638914
1e+08,6.91595141439755,120.756029348545
343618643,8.86352511495814,465.786531962799
21800000,4.8024148133877,27.904285739886
901158974,10.0877330495931,1088.20379512049
1e+08,6.91595141439755,120.756029348545
58612599,6.2292974891273,75.0248949749245
32400000,4.80379710264442,27.9310344827586
5e+07,6.08271680306264,67.7766677465749
1e+08,7.08271680306264,135.55333549315
139102434,7.39209907862714,167.974576025581
1e+08,6.91595141439755,120.756029348545
5e+07,6.08271680306264,67.7766677465749
5e+07,6.27793973591666,77.5975789555366
79589461,6.94858904705371,123.518989679522
4e+07,5.9560116410293,62.0780631644293
1e+08,6.91595141439755,120.756029348545
1e+08,6.91595141439755,120.756029348545
1.21e+08,7.27502182077273,154.881585987441
1e+08,6.91595141439755,120.756029348545
254012798,7.77463257097049,218.97655
116348198,7.2184636397394,148.927218454717
663733452,10.0085437234491,1030.08217894002
8.5e+07,6.76554951963583,108.801114123409
179976382,8.12574733243224,279.314630247536
20251291,4.7788025895024,27.4513004309241
9.7e+07,6.95607142568526,124.161271411419
199989630,7.99993996759563,255.989347730921
23116366,4.80293793681895,27.9144057112772
1e+08,6.91595141439755,120.756029348545
2053068671,11.2756613927734,2479.20420689855
395875047,9.06776193659912,536.621830593574
93400000,6.98421125811022,126.606815350602
20554914,4.71757001418746,26.3105593401276
120900000,7.18976565898458,145.994039482391
89998355,6.76392195145215,108.678439977008
782618471,10.0510259635258,1060.86544162599
5e+07,5.91595141439755,60.3780146742727
23179991,4.80690332570539,27.9912367349502
5e+07,6.00001477327286,64.000655366711
5e+07,6.00001477327286,64.000655366711
20382800,4.62137556869027,24.6134599500553
5e+07,6.27793973591666,77.5975789555366
146500000,7.63361746771016,198.585636497464
419365305,8.49793889350794,361.521814655172
99998451,6.91592906687828,120.754158837651
1e+08,6.91595141439755,120.756029348545
9e+07,6.84801167982781,115.20117966008
9.2e+07,6.87972053955515,117.761205874748
5e+07,6.00001477327286,64.000655366711
9.9e+07,7.06821723336753,134.197802138218
5e+07,6.08271680306264,67.7766677465749
2273757013,11.4229575969054,2745.69868593289
6.4e+07,6.35615858349813,81.92083886939
39042254,5.64312302382606,49.9745968598718
3e+08,8.58497727399401,384.003932200266
209980000,7.49998330624232,181.01724137931
7e+07,6.56814363023288,94.8873348452049
32873000,4.82470641274998,28.3387931034483
9.5e+07,6.92601419182908,121.601245196751
5e+07,6.08271680306264,67.7766677465749
1e+08,6.91595141439755,120.756029348545
1.46e+08,7.62868517216793,197.907869819999
1e+08,7.00001477327286,128.001310733422
5e+07,6.00001477327286,64.000655366711
5e+07,6.08271680306264,67.7766677465749
3031382024,12.1998435072088,4704.55811903469
1.39e+08,7.47509965622164,177.921821919456
439454781,9.21843152569337,595.695613629617
31985150,4.78520553858659,27.5734051724138
9.8e+07,6.97086842761334,125.441284518753
8.8e+07,6.89829223192521,119.286935233972
49929298,5.99797330107516,63.9101558799962
5e+07,5.91595141439755,60.3780146742727
93800000,6.99037663091593,127.149028692575
28025878,4.59456286029596,24.1602396551724
133992518,7.3381038587697,161.804044360935
2e+08,8.27793973591666,310.390315822146
6.9e+07,6.54738507006609,93.5318014902734
449900817,9.34993487982205,652.545586006338
2574290464,11.9640426766432,3995.1741506945
5e+07,6.00001477327286,64.000655366711
5e+07,6.00001477327286,64.000655366711
47320192,5.8364792468837,57.141984939308
310979406,8.91475877979208,482.624980212617
1e+08,7.00001477327286,128.001310733422
62500000,6.32194286816022,80.0008192083887
1e+08,6.83188708386789,113.92077721311
75059400,6.50205607735452,90.6387510928421
356454643,8.91643531596741,483.186158106699
1e+08,6.91595141439755,120.756029348545
1e+08,6.91595141439755,120.756029348545
1953882547,11.3709886436834,2648.55296407701
5e+07,6.08271680306264,67.7766677465749
23037084,4.79798143364373,27.8186679160891
7.5e+07,6.5009139151187,90.567022011409
89311319,6.91963173716488,121.064471877427
1e+08,6.91595141439755,120.756029348545
9.6e+07,6.94112108421929,122.881258304085
99997950,6.99998519772137,127.998686706552
644824183,9.60485726502513,778.664079669998
962818900,10.3499812650544,1305.13313370845
203446214,8.10736423611989,275.778129011532
5e+07,6.27793973591666,77.5975789555366
23998221,4.77288645108077,27.3389598805199
33610537,5.70492523398905,52.1619259719097
167216096,7.52397020889566,184.052075559753
212462528,8.16992521873355,288.000043377067
43759772,5.89039392950213,59.3178305501974
1e+08,6.91595141439755,120.756029348545
2.5e+07,4.78225648287817,27.5170991253965
1e+08,6.83188708386789,113.92077721311
170013302,8.04358736450708,263.85241250873
1e+08,6.83188708386789,113.92077721311
8.9e+07,6.83189201446453,113.921166552746
8e+07,6.76078870817528,108.44266839452
483293072,9.35561511696157,655.11987930331
20522532,4.63123205622966,24.7821947649846
52145762,5.97657332604178,62.9691516647426
5e+07,6.00001477327286,64.000655366711
1e+08,6.91595141439755,120.756029348545
5e+07,6.08271680306264,67.7766677465749
46500000,5.89531739460616,59.5206094910412
99983342,7.18008754887355,145.017937356318
1e+08,6.91595141439755,120.756029348545
5e+07,6.27793973591666,77.5975789555366
39448176,5.74074730279701,53.4733183592082
5e+07,6.00001477327286,64.000655366711
51960000,6.3334130718151,80.6394040505936
89995000,6.93063355766663,121.99122427706
24238043,4.87129653861099,29.268898318593
15260307766,13.8974964379214,15260.307766
1e+08,6.91595141439755,120.756029348545
1e+08,6.91595141439755,120.756029348545
499957949,9.2377581706441,603.729367624825
1081771061,10.2672103876172,1232.36200035771
7.5e+07,6.58497727399401,96.0009830500664
69997148,6.40131946085238,84.5257765820247
1e+08,6.91595141439755,120.756029348545
1.2e+08,7.17898582023134,144.907235218254
87226591,7.08077964823114,135.371445642896
100689586,7.09263128081565,136.488092317244
99952372,6.91526412391912,120.698515666887
1e+08,6.91595141439755,120.756029348545
179999985,7.84801155960322,230.402340119963
3749492884,12.5065633162229,5819.03140218825
1e+08,6.91595141439755,120.756029348545
84999730,6.84824696673997,115.219969175172
23968955,4.77112600063,27.3056198258607
1.14e+08,7.18904859766288,145.921494236101
5e+07,6.08271680306264,67.7766677465749
120528000,7.18531975395339,145.544827053215
540806570,9.35106409273518,653.056540388062
9.9e+07,6.90145184470243,119.54846905506
49715304,6.07447873715069,67.3907528225593
285394538,8.79089746009363,442.918503918678
100969757,6.92987464836642,121.927069396075
1e+08,6.91595141439755,120.756029348545
131124814,7.47365752940976,177.744059036189
3.6e+07,5.44202022606513,43.4721705654763
1e+08,6.91595141439755,120.756029348545
23100000,4.80191617115152,27.894642779514
77247506,6.71027706333449,104.711570968271
1e+08,6.91595141439755,120.756029348545
249955864,8.40439017631125,338.823510912721
22429041,4.75939125584512,27.0844193325573
139999860,7.76336512039114,217.273003802281
24318484,4.79201228380427,27.7038059792459
9.9e+07,6.98551520357774,126.721297626088
111535731,7.15752073165746,142.767197616104
9.2e+07,6.87972053955515,117.761205874748
146642065,7.46825042142919,177.079135048713
5.3e+07,6.08407903806133,67.8406946887136
1e+08,7.00001477327286,128.001310733422
4.4e+07,5.81559020213543,56.3205767227056
1.25e+08,7.23787950928491,150.945036685682
1.42e+08,7.50590570300282,181.761861241459
102336513,7.11603778417211,138.720556798881
6.4e+07,6.43886061328792,86.7541347156159
1e+08,6.91595141439755,120.756029348545
2.33e+08,8.3030467579422,315.839271699039
1e+08,6.91595141439755,120.756029348545
763993119,9.71581612738359,840.914975465754
20566000,4.80104993123971,27.8778989775212
547811189,9.23593521615395,602.966991588573
1e+08,6.91595141439755,120.756029348545
1e+08,6.91595141439755,120.756029348545
22075000,4.73643675738393,26.6568934786914
419146148,9.15017017403134,568.166584205054
49806670,6.07712766596188,67.514602483066
23100000,4.80191617115152,27.894642779514
7.5e+07,6.86290223663782,116.396368433305
96735124,6.95212649797299,123.822226659601
40417579,5.60900622684635,48.8066635592115
1.39e+08,7.47509965622164,177.921821919456
241185684,7.91400046585535,241.185684
5e+07,6.00001477327286,64.000655366711
1e+08,6.83188708386789,113.92077721311
21859998,4.80637994740125,27.9810839662998
20607446,4.80395442258886,27.9340804129497
39917988,5.59106232536637,48.2033773046288
107748429,6.93955391846828,122.747847751717
21682115,4.79459217083308,27.7533913947279
1e+08,7.08271680306264,135.55333549315
2e+08,7.91595141439755,241.512058697091
98235055,6.97432461789515,125.742157999698
1e+08,6.91595141439755,120.756029348545
1e+08,7.00001477327286,128.001310733422
221710079,8.06462577139932,267.728288065923
7.5e+07,6.5009139151187,90.567022011409
3e+08,8.5009139151187,362.268088045636
1e+08,7.08271680306264,135.55333549315
57726141,6.20731146260443,73.8902171158233
182768159,7.51387094258857,182.768159
84146940,6.66693412847369,101.612503562303
1e+08,7.00001477327286,128.001310733422
20169248,4.69024397319926,25.8169018050745
1.38e+08,7.29655535087134,157.210672554092
8e+07,6.59402331951019,96.6048234788363
81942000,6.99061474686764,127.170016295492
2.1e+07,4.74847600627689,26.8802752540186
1.5e+08,7.5009139151187,181.134044022818
1.2e+08,7.17898582023134,144.907235218254
23005979,4.79603216992626,27.7811067531602
854476063,10.372979813219,1326.10547528517
20776730,4.56492759875629,23.6690122954695
334999414,9.02209830784518,519.90286955847
1e+08,6.91595141439755,120.756029348545
63300607,6.34030601234703,81.0256066622122
1.4e+08,7.56814363023288,189.77466969041
1.2e+08,7.34575120889644,162.66400259178
1.3e+08,7.46122842631637,176.219336141095
99998269,7.08269182979534,135.550989064912
443027722,9.14741175002289,567.081291072421
749941279,9.68903411873723,825.448340498786
5e+07,6.27793973591666,77.5975789555366
1e+08,6.91595141439755,120.756029348545
80200000,6.76439094485548,108.713775065506
50970000,6.02773503162878,65.2422680808251
1.25e+08,7.32194286816022,160.001638416777
7.5e+07,6.58497727399401,96.0009830500664
108249000,7.11436847072643,138.560138855822
1e+08,6.91595141439755,120.756029348545
525517925,9.17599645708954,578.429153375908
199830696,7.99879298586011,255.78591012772
25916000,5.32985470394761,40.2203771242337
5e+07,6.08271680306264,67.7766677465749
733490843,9.65703543808706,807.341609376066
149999215,7.86289468651402,232.79151858462
1e+08,6.91595141439755,120.756029348545
99800493,7.27505858331427,154.88553270738
290005351,8.45203093460307,350.198946765912
1.01e+08,7.09707209603971,136.908868848081
8e+07,6.59402331951019,96.6048234788363
1250571151,10.6445300098652,1600.74746493404
1e+08,6.91595141439755,120.756029348545
64908142,6.45918816769805,87.9851514876301
5e+07,6.00001477327286,64.000655366711
74250000,6.5704777042989,95.0409732195658
22817050,4.78413559818835,27.5529635944723
1e+08,6.83188708386789,113.92077721311
60990840,6.36938129381984,82.6751179652902
278821920,8.65967187831389,404.409163759781
71293399,6.78978014587763,110.643903158221
1.2e+08,7.09492148970169,136.704932655733
21478590,4.78098596655167,27.4928767270577
1e+08,6.91595141439755,120.756029348545
1e+08,6.91595141439755,120.756029348545
1e+08,7.00001477327286,128.001310733422
5e+07,6.08271680306264,67.7766677465749
93600000,6.90459520819418,119.809226846483
5e+07,6.00001477327286,64.000655366711
20388271,4.78852814289758,27.6369813898826
20196061,4.77486264818657,27.3764343237312
131273650,7.17483384214501,144.490801584104
28629622,5.47352026343344,44.4317870722434
8e+07,6.76078870817528,108.44266839452
239415527,8.09140380339868,272.744029127264
175178312,7.8088389460039,224.230535480683
41756803,6.01802290100689,64.8045363544657
20499992,4.79641205490295,27.7884229318289
5e+07,6.27793973591666,77.5975789555366
43330241,5.62533324978921,49.3621473155138
200856749,7.83805402215069,228.817569545786
1e+08,7.27793973591666,155.195157911073
149849038,7.7638377151081,217.34418925093
23183624,4.80712942158227,27.9956238014964
8e+07,6.6780866783855,102.401048586738
149999946,7.86290171726751,232.792653061224
5e+07,6.08271680306264,67.7766677465749
1.14e+08,7.10498523878756,137.661873457342
1e+08,6.91595141439755,120.756029348545
5e+07,6.27793973591666,77.5975789555366
27960823,4.80533492057011,27.960823
5e+07,5.91595141439755,60.3780146742727
5e+07,6.08271680306264,67.7766677465749
499956611,9.40451969832738,677.707862229012
447182871,9.16087970117526,572.399936255347
5e+07,6.00001477327286,64.000655366711
35500000,5.5886077327926,48.1214341000682
179947993,7.93029681471626,243.92550666448
1.35e+08,7.264846491144,153.793049237699
1.14e+08,7.02092090825791,129.869686022946
5e+07,6.08271680306264,67.7766677465749
21410419,4.77639970779912,27.4056169535176
22540000,4.76651083502032,27.2184090151621
69996817,6.76330096019086,108.631670675875
1e+08,6.91595141439755,120.756029348545
6.1e+07,6.3695979508508,82.6875346508214
1e+08,6.91595141439755,120.756029348545
1e+08,7.00001477327286,128.001310733422
1e+08,6.91595141439755,120.756029348545
39797185,5.85106618544229,57.7226722556222
108552496,6.95027998278661,123.663847127431
1e+08,6.91595141439755,120.756029348545
5e+07,6.00001477327286,64.000655366711
93400000,6.90150922832043,119.553224225016
1e+08,7.08271680306264,135.55333549315
49700000,5.99133253017306,63.6166514345107
28920561,5.48810717893617,44.8833103127182
40417579,5.60900622684635,48.8066635592115
445560591,9.07157304904327,538.041278033512
2.1e+08,8.15310613095404,284.662004535615
727905318,9.64600728751177,801.193711572371
184895810,8.06704042463911,268.176762805404
1e+08,7.00001477327286,128.001310733422
1e+08,6.91595141439755,120.756029348545
21787998,4.80162031824624,27.8889230225718
2.5e+08,8.40464489795,338.883338732875
49987025,5.91557698645031,60.3623465794647
61880000,6.39026190496223,83.8804040031611
148250556,7.56805228874861,189.762654849586
1.5e+08,7.58497727399401,192.001966100133
92322313,6.88476604742769,118.173770739412
1019296874,10.5298302909148,1478.40957567934
48300000,6.03281189723633,65.4722610431914
1e+08,7.00001477327286,128.001310733422
1e+08,7.00001477327286,128.001310733422
1e+08,7.08271680306264,135.55333549315
3.6e+07,5.44202022606513,43.4721705654763
8e+07,6.76078870817528,108.44266839452
22642560,4.77306040005242,27.342256398862
149944971,7.5844479097841,191.931528258849
20400000,4.78935786037205,27.6528804406026
5e+07,6.08271680306264,67.7766677465749
87446450,6.72242313680346,105.596860826261
37810557,5.42874809128687,43.0740804030061
1293295388,10.3368361082497,1293.295388
153310958,7.44834790211223,174.653034906465
206634768,8.12979982300163,280.100320312532
1e+08,7.00001477327286,128.001310733422
1e+08,6.91595141439755,120.756029348545
1169490549,10.3300647806565,1287.2394945219
1e+08,6.91595141439755,120.756029348545
1e+08,7.00001477327286,128.001310733422
504873883,9.3359378223376,646.245187790723
5e+07,6.00001477327286,64.000655366711
9.9e+07,6.98551520357774,126.721297626088
165715428,7.90903581582677,240.357134258218
556268658,9.47579659498557,712.031173439216
1.3e+08,7.46122842631637,176.219336141095
5e+07,6.00001477327286,64.000655366711
1e+08,6.83188708386789,113.92077721311
1.38e+08,7.4646830402763,176.641808812122
249999985,8.59986774424232,387.987871498409
1e+08,6.91595141439755,120.756029348545
623554791,9.64053110675365,798.15830562105
7.09e+08,9.82580040073765,907.529293099961
24398400,4.79674553071332,27.7948469075635
21500000,4.78242333820023,27.5202818076857
9.8e+07,6.97086842761334,125.441284518753
59719394,6.25628620424592,76.4416070820565
22081026,4.65276619781411,25.154876435829
2.2e+07,4.73152684326012,26.56632645668
21617791,4.87300781791916,29.3036367604379
6e+07,6.34575120889644,81.3320012958899
24990960,4.42920961155287,21.5439310344828
167465408,7.82657992334462,227.004946341212
258282870,8.64689169921168,400.842507953752
451249915,8.95618314312376,496.68354565527
1e+08,6.83188708386789,113.92077721311
20602169,4.80358494076903,27.9269272634357
5.16e+09,12.6052505749334,6231.01111438494
1.42e+08,7.5886077327926,192.485736400273
4.6e+07,5.96242256934493,62.3545343268489
1e+08,6.91595141439755,120.756029348545
59700000,6.25581760987558,76.4167825078529
538815335,9.70773064724699,836.215310002328
8e+07,6.6780866783855,102.401048586738
198236713,7.98723894446614,253.745590994852
2.2e+07,4.73152684326012,26.56632645668
1.2e+08,7.54097414175046,186.234189493288
1639832246,10.6793325200892,1639.832246
21568321,4.78700055171959,27.6077335831919
5e+07,6.00001477327286,64.000655366711
1e+08,7.08271680306264,135.55333549315
1e+08,7.00001477327286,128.001310733422
1e+08,7.00001477327286,128.001310733422
24526382,4.80429341995604,27.9406449966564
24400152,4.79684912402128,27.7968427995803
321316524,8.11372655906834,276.997003448276
5.6e+07,6.24621553534552,75.9098678761639
235468404,8.4158613798315,341.528314393253
1e+08,6.91595141439755,120.756029348545
7e+07,6.76336656308691,108.636610537751
1e+08,7.08271680306264,135.55333549315
1025607351,10.2743580168507,1238.4827137744
273800000,8.28500953046371,311.915088009496
1e+08,7.00001477327286,128.001310733422
1e+08,6.91595141439755,120.756029348545
157527074,7.93353954020405,244.474391246993
709351452,9.90921739869301,961.54955355509
1e+08,7.08271680306264,135.55333549315
446370375,9.07419269501705,539.019141038212
198403740,7.9884539947063,253.959387744131
479259674,9.3435243564813,649.652473780596
32817140,5.47523822223696,44.4847278834567
1e+08,7.00001477327286,128.001310733422
5e+07,6.08271680306264,67.7766677465749
273537727,8.5344566298727,370.789512780646
41827487,5.82524003148485,56.6985537814636
1310684000,10.8925758881359,1901.04357789848
7.5e+07,6.58497727399401,96.0009830500664
1e+08,7.08271680306264,135.55333549315
20160000,4.77228434701311,27.327552435419
386935143,8.95210653934873,495.28205472824
180417362,8.12927791523082,279.999009854893
245230055,8.3768526073045,332.417519184186
32366598,4.80230902374213,27.9022396551724
7.6e+07,6.52002273806641,91.7745823048945
1e+08,6.91595141439755,120.756029348545
49999975,6.00001405192516,64.0006233663833
180052458,7.84843206799797,230.469506247744
2.7e+07,4.75488750216347,27
1e+08,7.08271680306264,135.55333549315
254388783,7.77676644235921,219.300675
6e+07,6.26304917910665,76.8007864400531
206383723,8.12804599633752,279.760020441443
21245467,4.76524173449512,27.1944762314366
32994940,5.31626811378026,39.8433794299349
140186915,7.57006849802031,190.028039207447
229676376,8.11555388634892,277.348072009235
22781115,4.78186167962048,27.5095699153259
122650000,7.37726403695816,166.256165982348
197996540,8.06819202241573,268.390914131029
1e+08,6.91595141439755,120.756029348545
1.3e+08,7.65645135917039,201.753705284395
84300000,6.75361930955285,107.905104948275
129999404,7.29445642343424,156.982118447174
25355815,4.80264503500674,27.9087389904086
198311725,7.98778475139073,253.841607338059
252411971,8.41849713688861,342.152845874502
9.8e+07,6.97086842761334,125.441284518753
2.1e+07,4.39231742277876,21
5e+07,6.00001477327286,64.000655366711
81315081,6.61754626426059,98.1928630771534
1e+08,7.00001477327286,128.001310733422
44418750,5.74519211369685,53.638318786257
3e+08,8.5009139151187,362.268088045636
25230251,4.79548294684779,27.7705327090254
21332500,4.60301203699626,24.3021497989868
59454208,6.24986560182805,76.102165526175
4e+08,9.27793973591666,620.780631644293
20580808,4.80208833154954,27.897971715441
3e+07,4.69276579025567,25.8620689655172
2e+08,8.27793973591666,310.390315822146
5e+07,6.00001477327286,64.000655366711
5e+07,6.00001477327286,64.000655366711
28920561,5.48810717893617,44.8833103127182
5e+08,9.32194286816022,640.00655366711
63654392,6.62627170107925,98.7885341817335
1e+08,6.91595141439755,120.756029348545
49715304,6.07447873715069,67.3907528225593
1e+08,7.00001477327286,128.001310733422
2.3e+07,4.79565718067984,27.7738867501654
1e+08,6.83188708386789,113.92077721311
850975055,9.87137332506526,936.65459766699
5e+07,6.00001477327286,64.000655366711
1e+08,6.91595141439755,120.756029348545
42653678,5.85345885777458,57.8184832395078
22001005,4.64752841615773,25.0637158906953
204987192,8.03554854341654,262.386292595636
1e+08,6.91595141439755,120.756029348545
5.1e+07,6.02858392546963,65.2806684740452
38496969,5.70553357006574,52.1839255432639
8e+07,6.76078870817528,108.44266839452
32479892,4.80735012491095,27.9999068965517
217544664,8.03726304485839,262.698298306034
5e+07,6.00001477327286,64.000655366711
22982400,4.79455278273803,27.7526336890001
1.15e+08,7.1175852755672,138.869433750827
219985298,8.05335852355092,265.645511015365
5e+07,6.27793973591666,77.5975789555366
3006202284,11.9098849580216,3847.97832681807
5e+07,6.27793973591666,77.5975789555366
93524049,6.90342406918074,119.712008570968
12841542304,14.0873914772842,17407.1389218359
218223488,8.20852319435492,295.809216813494
7.3e+07,6.54598314237815,93.440956835398
99800000,7.07982852373781,135.282228822164
1e+08,6.91595141439755,120.756029348545
268654647,8.42576756626251,343.881469506248
1e+08,6.83188708386789,113.92077721311
179968277,8.02807051820843,261.029765539448
5e+07,6.00001477327286,64.000655366711
130844352,7.47056845371949,177.363883440398
1.11e+08,7.06651109097293,134.039192576885
5e+07,5.91595141439755,60.3780146742727
1e+08,7.08271680306264,135.55333549315
1e+08,6.91595141439755,120.756029348545
5e+07,6.08271680306264,67.7766677465749
299997914,8.86289220506343,465.582236362226
24550000,4.8056820135205,27.9675508058186
5.7e+07,6.18904859766288,72.9607471180505
1e+08,7.08271680306264,135.55333549315
64393563,6.64292811986416,99.9356917824164
1e+08,7.08271680306264,135.55333549315
149668668,7.58178700901726,191.577856797254
1e+08,6.91595141439755,120.756029348545
324484272,8.61409996578833,391.834322727734
7.5e+07,6.86290223663782,116.396368433305
149987800,7.50079657114999,181.119311787238
1336962446,11.0188267728767,2074.90097928145
5e+07,6.08271680306264,67.7766677465749
20250000,4.61194522750745,24.4530959430804
23018481,4.79681595202146,27.7962036719493
1e+08,6.83188708386789,113.92077721311
243748366,8.36810935065679,330.409040323051
1e+08,6.91595141439755,120.756029348545
1e+08,6.91595141439755,120.756029348545
1362625666,10.600204465052,1552.31374921252
5e+07,6.08271680306264,67.7766677465749
218300418,8.12632966606583,279.427396376539
1e+08,6.91595141439755,120.756029348545
1e+08,7.00001477327286,128.001310733422
20544333,4.63276381169923,24.8085207869429
5e+07,6.00001477327286,64.000655366711
5e+07,6.08271680306264,67.7766677465749
4.9e+07,6.05357045740312,66.4211343916434
1e+08,7.00001477327286,128.001310733422
5e+07,5.91595141439755,60.3780146742727
22683480,4.77566530871471,27.3916697660714
24303865,4.74151414926786,26.7508744934102
1115775133,10.1238305885372,1115.775133
5e+07,5.91595141439755,60.3780146742727
1.3e+08,7.46122842631637,176.219336141095
85200000,6.76894010883661,109.057116744875
657788283,9.71763808334896,841.977624090871
490496297,9.29425701813755,627.841689258898
1e+08,6.91595141439755,120.756029348545
113974236,7.10465915285923,137.63076187394
45622943,6.14577115463592,70.8045984325289
4759961659,12.4888294621052,5747.94069792155
142141441,7.42327864462218,171.644360210405
1e+08,6.91595141439755,120.756029348545
259060596,8.45600639643261,351.165278826433
1.12e+08,7.07945014668043,135.246752870371
133337707,7.33103623690431,161.013320597597
1e+08,6.91595141439755,120.756029348545
1401563286,11.0869047199029,2175.15835493133
2.2e+07,4.73152684326012,26.56632645668
968855829,10.5542217366846,1503.61733374719
24951153,4.77943487244905,27.4633340157574
215034732,8.10458447326105,275.247275492101
104101000,7.33592366322942,161.559711337006
